ID_indicador,ano,n,media,mediana,desv_std,minimo,p10,p90,maximo
Activo Productivo,2021,1656,0.828,0.846,0.104,0.0,0.715,0.937,1.005
Activo Productivo,2022,1656,0.86,0.88,0.097,0.0,0.759,0.948,0.997
Activo Productivo,2023,1656,0.87,0.883,0.084,0.0,0.796,0.944,1.013
Activo Productivo,2024,1656,0.837,0.853,0.104,0.0,0.742,0.931,1.036
Activo Productivo,2025,1656,0.815,0.836,0.117,0.138,0.691,0.925,1.036
Activos líquidos ampliados / depósitos a corto plazo,2021,1656,1.152,0.624,4.607,0.0,0.274,1.899,139.475
Activos líquidos ampliados / depósitos a corto plazo,2022,1656,1.054,0.506,5.296,0.0,0.246,1.449,156.825
Activos líquidos ampliados / depósitos a corto plazo,2023,1656,0.843,0.472,2.5,0.0,0.226,1.305,67.146
Activos líquidos ampliados / depósitos a corto plazo,2024,1656,0.881,0.503,2.205,0.0,0.247,1.533,76.594
Activos líquidos ampliados / depósitos a corto plazo,2025,1656,1.039,0.573,3.331,0.147,0.279,1.7,119.082
Estructura de Balance,2021,1656,1.797,1.412,1.059,0.0,1.086,2.83,8.781
Estructura de Balance,2022,1656,1.882,1.488,1.127,0.0,1.129,2.878,8.945
Estructura de Balance,2023,1656,1.932,1.489,1.171,0.0,1.163,3.009,7.984
Estructura de Balance,2024,1656,1.841,1.431,1.106,0.0,1.066,2.936,7.237
Estructura de Balance,2025,1656,1.748,1.393,1.0,0.4,1.012,2.776,6.963
Indicador de Cobertura de la Cartera Total en Riesgo,2021,1656,0.054,0.046,0.031,0.0,0.023,0.093,0.231
Indicador de Cobertura de la Cartera Total en Riesgo,2022,1656,0.054,0.045,0.033,0.0,0.024,0.092,0.245
Indicador de Cobertura de la Cartera Total en Riesgo,2023,1656,0.057,0.049,0.035,0.0,0.025,0.096,0.236
Indicador de Cobertura de la Cartera Total en Riesgo,2024,1656,0.063,0.054,0.037,0.0,0.026,0.111,0.227
Indicador de Cobertura de la Cartera Total en Riesgo,2025,1656,0.067,0.059,0.04,0.012,0.028,0.125,0.243
Indicador de Cobertura individual de la cartera improductiva para la cartera en Riesgo,2021,1656,0.581,0.585,0.212,0.0,0.302,0.851,1.0
Indicador de Cobertura individual de la cartera improductiva para la cartera en Riesgo,2022,1656,0.571,0.581,0.221,0.0,0.277,0.848,1.048
Indicador de Cobertura individual de la cartera improductiva para la cartera en Riesgo,2023,1656,0.558,0.56,0.197,0.0,0.299,0.801,1.044
Indicador de Cobertura individual de la cartera improductiva para la cartera en Riesgo,2024,1656,0.552,0.559,0.199,0.0,0.299,0.805,1.0
Indicador de Cobertura individual de la cartera improductiva para la cartera en Riesgo,2025,1656,-0.006,0.002,0.551,-0.982,-0.685,0.679,0.985
Indicador de Margen Financiero de Operación,2021,1656,0.783,0.783,0.097,0.0,0.655,0.895,0.983
Indicador de Margen Financiero de Operación,2022,1656,0.78,0.784,0.103,0.0,0.646,0.899,0.98
Indicador de Margen Financiero de Operación,2023,1656,0.661,0.667,0.17,0.0,0.437,0.872,0.977
Indicador de Margen Financiero de Operación,2024,1656,0.67,0.665,0.151,0.0,0.467,0.857,0.998
Indicador de Margen Financiero de Operación,2025,1656,0.7,0.697,0.126,0.427,0.52,0.864,0.97
Indicador de Margen Operacional,2021,1656,0.164,0.167,0.124,-0.312,0.016,0.31,0.605
Indicador de Margen Operacional,2022,1656,0.122,0.127,0.151,-0.862,-0.029,0.293,0.538
Indicador de Margen Operacional,2023,1656,0.037,0.045,0.167,-0.938,-0.151,0.231,0.478
Indicador de Margen Operacional,2024,1656,0.056,0.046,0.156,-1.655,-0.109,0.245,0.669
Indicador de Margen Operacional,2025,1656,0.062,0.065,0.149,-0.865,-0.091,0.242,0.606
Indicador de calidad por riesgo,2021,1656,0.069,0.059,0.046,0.0,0.025,0.121,0.347
Indicador de calidad por riesgo,2022,1656,0.066,0.056,0.045,0.0,0.026,0.11,0.326
Indicador de calidad por riesgo,2023,1656,0.074,0.066,0.044,0.0,0.03,0.125,0.357
Indicador de calidad por riesgo,2024,1656,0.084,0.078,0.045,0.0,0.035,0.136,0.309
Indicador de calidad por riesgo,2025,1656,0.091,0.081,0.053,0.016,0.036,0.151,0.377
Indicador de calidad por riesgo con castigos,2021,1656,0.034,0.022,0.039,0.0,0.001,0.082,0.307
Indicador de calidad por riesgo con castigos,2022,1656,0.034,0.021,0.041,0.0,0.002,0.083,0.301
Indicador de calidad por riesgo con castigos,2023,1656,0.036,0.022,0.044,0.0,0.002,0.082,0.353
Indicador de calidad por riesgo con castigos,2024,1656,0.043,0.026,0.061,0.0,0.003,0.102,0.668
Indicador de calidad por riesgo con castigos,2025,1656,0.05,0.03,0.077,0.0,0.003,0.116,0.791
Indicador de margen neto,2021,1656,0.165,0.154,0.127,-0.316,0.029,0.329,0.613
Indicador de margen neto,2022,1656,0.149,0.146,0.153,-0.737,0.005,0.341,0.632
Indicador de margen neto,2023,1656,0.105,0.082,0.186,-0.911,-0.088,0.329,0.765
Indicador de margen neto,2024,1656,0.11,0.092,0.168,-1.575,-0.048,0.306,0.75
Indicador de margen neto,2025,1656,0.119,0.114,0.16,-0.852,-0.038,0.308,0.664
Indicador de relación entre las obligaciones financieras y el pasivo total,2021,1656,0.041,0.0,0.079,0.0,0.0,0.155,0.517
Indicador de relación entre las obligaciones financieras y el pasivo total,2022,1656,0.051,0.003,0.081,0.0,0.0,0.18,0.42
Indicador de relación entre las obligaciones financieras y el pasivo total,2023,1656,0.064,0.018,0.091,0.0,0.0,0.21,0.447
Indicador de relación entre las obligaciones financieras y el pasivo total,2024,1656,0.046,0.0,0.079,0.0,0.0,0.173,0.432
Indicador de relación entre las obligaciones financieras y el pasivo total,2025,1656,0.031,0.0,0.059,0.0,0.0,0.122,0.308
Indicador de rentabilidad sobre el capital invertido - ROIC,2021,1517,0.168,0.128,0.163,-0.537,0.022,0.385,1.374
Indicador de rentabilidad sobre el capital invertido - ROIC,2022,1653,0.14,0.104,0.168,-0.654,0.003,0.342,1.495
Indicador de rentabilidad sobre el capital invertido - ROIC,2023,1655,0.115,0.06,0.199,-0.533,-0.049,0.366,1.584
Indicador de rentabilidad sobre el capital invertido - ROIC,2024,1655,0.14,0.08,0.219,-0.583,-0.032,0.414,1.979
Indicador de rentabilidad sobre el capital invertido - ROIC,2025,1656,0.139,0.098,0.218,-0.571,-0.027,0.367,2.277
Indicador de rentabilidad sobre recursos propios - ROE,2021,1517,0.564,0.368,0.659,-0.905,0.049,1.369,4.383
Indicador de rentabilidad sobre recursos propios - ROE,2022,1653,0.453,0.293,0.588,-0.925,0.007,1.115,4.385
Indicador de rentabilidad sobre recursos propios - ROE,2023,1655,0.316,0.163,0.59,-0.892,-0.156,0.95,5.148
Indicador de rentabilidad sobre recursos propios - ROE,2024,1655,0.418,0.215,0.699,-0.983,-0.083,1.19,5.919
Indicador de rentabilidad sobre recursos propios - ROE,2025,1656,0.454,0.241,0.761,-0.948,-0.078,1.143,7.815
Quebranto Patrimonial,2021,1655,1.608,1.426,0.55,0.766,1.191,2.151,5.467
Quebranto Patrimonial,2022,1654,1.604,1.42,0.543,0.797,1.203,2.126,5.459
Quebranto Patrimonial,2023,1655,1.571,1.407,0.523,0.851,1.176,2.094,5.35
Quebranto Patrimonial,2024,1655,1.558,1.398,0.516,0.851,1.164,2.078,5.142
Quebranto Patrimonial,2025,1656,1.55,1.385,0.512,0.856,1.162,2.172,5.035
Relación entre Aportes sociales mínimos no reducibles y Capital Social,2021,1656,0.598,0.614,0.212,0.0,0.313,0.885,1.0
Relación entre Aportes sociales mínimos no reducibles y Capital Social,2022,1656,0.611,0.627,0.217,0.0,0.298,0.91,1.0
Relación entre Aportes sociales mínimos no reducibles y Capital Social,2023,1656,0.645,0.674,0.216,0.0,0.363,0.94,1.0
Relación entre Aportes sociales mínimos no reducibles y Capital Social,2024,1656,0.655,0.676,0.213,0.0,0.364,0.923,1.0
Relación entre Aportes sociales mínimos no reducibles y Capital Social,2025,1656,0.651,0.686,0.215,0.009,0.344,0.914,1.0
Relación entre el Capital Institucional y el Activo Total,2021,1656,0.093,0.083,0.053,0.0,0.039,0.17,0.282
Relación entre el Capital Institucional y el Activo Total,2022,1656,0.094,0.083,0.053,0.0,0.035,0.161,0.37
Relación entre el Capital Institucional y el Activo Total,2023,1656,0.094,0.082,0.054,0.0,0.034,0.165,0.377
Relación entre el Capital Institucional y el Activo Total,2024,1656,0.091,0.08,0.055,0.0,0.03,0.157,0.331
Relación entre el Capital Institucional y el Activo Total,2025,1656,0.087,0.077,0.055,0.0,0.028,0.152,0.372
