Año,Mes,índice CAMEL,AVANCOP COOPERATIVA DE AHORRO Y CREDITO,CAJA COOPERATIVA CREDICOOP,CAJA COOPERATIVA PETROLERA,CASA NACIONAL DEL PROFESOR,CESCA COOPERATIVA DE AHORRO Y CREDITO,COOCERVUNION COOPERATIVA DE AHORRO Y CREDITO,COOPANTEX COOPERATIVA DE AHORRO Y CREDITO,COOPERATIVA AHORRO Y CREDITO GOMEZ PLATA LTDA.,COOPERATIVA ALIANZA,COOPERATIVA AVP,COOPERATIVA BELEN AHORRO Y CREDITO,COOPERATIVA CALDENSE DEL PROFESOR,COOPERATIVA DE AHORRO Y CREDITO BERLIN,COOPERATIVA DE AHORRO Y CREDITO CAJA UNION COOPERATIVA,COOPERATIVA DE AHORRO Y CREDITO COLANTA,COOPERATIVA DE AHORRO Y CREDITO CONGENTE,COOPERATIVA DE AHORRO Y CREDITO COOTRAIPI,COOPERATIVA DE AHORRO Y CREDITO COOYAMOR,COOPERATIVA DE AHORRO Y CREDITO CREAFAM,COOPERATIVA DE AHORRO Y CREDITO CREAR LTDA CREARCOP,COOPERATIVA DE AHORRO Y CREDITO CREDIFLORES,COOPERATIVA DE AHORRO Y CREDITO DE AIPE,COOPERATIVA DE AHORRO Y CREDITO DE DROGUISTAS DETALLISTAS,COOPERATIVA DE AHORRO Y CREDITO DE EMPLEADOS DEL SECTOR FINANCIERO,COOPERATIVA DE AHORRO Y CREDITO DE LOS TRABAJADORES DEL SECTOR EDUCATIVO DE COLOMBIA LTDA,COOPERATIVA DE AHORRO Y CREDITO DE PROFESORES,COOPERATIVA DE AHORRO Y CREDITO DE SANTANDER LIMITADA,COOPERATIVA DE AHORRO Y CREDITO DE SURAMERICA,COOPERATIVA DE AHORRO Y CREDITO DE TELECOMUNICACIONES DE CUCUTA LTDA.,COOPERATIVA DE AHORRO Y CREDITO DE TENJO,COOPERATIVA DE AHORRO Y CREDITO DE TRABAJADORES DE GOODYEAR DE COLOMBIA,COOPERATIVA DE AHORRO Y CREDITO DE TRABAJADORES DE PELDAR Y OTROS DE COLOMBIA,COOPERATIVA DE AHORRO Y CREDITO DE TRABAJADORES UNIDOS POR EL PROGRESO,COOPERATIVA DE AHORRO Y CREDITO DEL FUTURO,COOPERATIVA DE AHORRO Y CREDITO DEL INEM DE PEREIRA,COOPERATIVA DE AHORRO Y CREDITO DEL NUCLEO FAMILIAR DE LOS TRAB.DE ECP.LTDA,COOPERATIVA DE AHORRO Y CREDITO FINANCIAFONDOS,COOPERATIVA DE AHORRO Y CREDITO FINANCIERA COAGROSUR,COOPERATIVA DE AHORRO Y CREDITO JUAN DE DIOS GOMEZ,COOPERATIVA DE AHORRO Y CREDITO LA GRANJA LTDA.,COOPERATIVA DE AHORRO Y CREDITO LA PLAYA DE BELEN LTDA,COOPERATIVA DE AHORRO Y CREDITO NACIONAL LIMITADA,COOPERATIVA DE AHORRO Y CREDITO PARA EL DESARROLLO SOLIDARIO DE COLOMBIA,COOPERATIVA DE AHORRO Y CREDITO PIO XII,COOPERATIVA DE AHORRO Y CREDITO RIACHON LTDA.,COOPERATIVA DE AHORRO Y CREDITO SAN LUIS,COOPERATIVA DE AHORRO Y CREDITO SAN MIGUEL,COOPERATIVA DE AHORRO Y CREDITO SOCIAL LTDA PROSPERANDO,COOPERATIVA DE AHORRO Y CREDITO TABACALERA Y AGROPECUARIA LTDA,COOPERATIVA DE AHORRO Y CREDITO UNIMOS,COOPERATIVA DE AHORRO Y CREDITO UNION COLOMBIANA,COOPERATIVA DE AHORRO Y CREDITO UNIVERSIDAD SANTO TOMAS,COOPERATIVA DE AHORRO Y CREDITO UNIVERSITARIA BOLIVARIANA,COOPERATIVA DE AHORRO Y CREDITO VALLE DE SAN JOSE LTDA,COOPERATIVA DE COMERCIANTES COMERCIACOOP,COOPERATIVA DE EMPLEADOS DE CAFAM,COOPERATIVA DE EMPLEADOS DE DOW COLOMBIA,COOPERATIVA DE EMPLEADOS DEL SECTOR COOPERATIVO LTDA.,COOPERATIVA DE EMPLEADOS SURAMERICANA,COOPERATIVA DE FOMENTO E INVERSION SOCIAL POPULAR,COOPERATIVA DE LA GUAJIRA,COOPERATIVA DE LA UNIVERSIDAD NACIONAL DE COLOMBIA,COOPERATIVA DE LOS PROFESIONALES DE LA SALUD COASMEDAS,COOPERATIVA DE LOS TRABAJADORES DE LA EDUCACION Y EMPRESARIOS DEL PUTUMAYO,COOPERATIVA DE LOS TRABAJADORES DEL INSTITUTO DE LOS SEGUROS SOCIALES,COOPERATIVA DE MAESTROS Y EMPLEADOS DE LA EDUCACION DEL TOLIMA,COOPERATIVA DE MUJERES PARA LA PROMOCION INTEGRAL,COOPERATIVA DE PROFESIONALES DE CALDAS,COOPERATIVA DE PROFESORES DE LA U NACIONAL DE COLOMBIA,COOPERATIVA DE PROFESORES DE LA UNIVERSIDAD DE ANTIOQUIA,COOPERATIVA DE PROMOCION SOCIAL,COOPERATIVA DE SERVICIOS MULTIPLES MOGOTES,COOPERATIVA DE TRABAJADORES DE BAVARIA DIRECCION Y VENTAS LTDA,COOPERATIVA DE TRABAJADORES DE LA EDUCACION DEL RISARALDA,COOPERATIVA DE TRABAJADORES DE LAS EMPRESAS DEPARTAMENTALES DE ANTIOQU,COOPERATIVA DE TRABAJADORES DEL SENA,COOPERATIVA DE TRABAJADORES DEPARTAMENTALES DE ANTIOQUIA,COOPERATIVA DE TRABAJADORES Y PENSIONADOS DE LA E.A.A.B.,COOPERATIVA DE TT DE EL COLOMBIANO LTDA.,COOPERATIVA DE YARUMAL,COOPERATIVA DEL MAGISTERIO,COOPERATIVA ENERGETICA DE AHORRO Y CREDITO,COOPERATIVA ESPECIALIZADA DE AHORRO Y CREDITO AFROAMERICANA,COOPERATIVA ESPECIALIZADA DE AHORRO Y CREDITO COINPROGUA LTDA,COOPERATIVA ESPECIALIZADA DE AHORRO Y CREDITO COOPIGON,COOPERATIVA ESPECIALIZADA DE AHORRO Y CREDITO COOTRACERREJON,COOPERATIVA ESPECIALIZADA DE AHORRO Y CREDITO DE LA ORINOQUIA,COOPERATIVA ESPECIALIZADA DE AHORRO Y CREDITO GUADALUPE,COOPERATIVA FAVI UTP,COOPERATIVA FINANCIERA CAFETERA,COOPERATIVA FINANCIERA SAN FRANCISCO,COOPERATIVA FRATERNIDAD SACERDOTAL LTDA,COOPERATIVA FUTURISTA DE AHORRO Y CREDITO DE NEIVA,COOPERATIVA INTEGRAL AGROPECUARIA LA PAZ LTDA,COOPERATIVA INTEGRAL PARA EL DESARROLLO SOCIAL Y ECONOMICO DE TEORAMA,COOPERATIVA JUDICIAL DEL TOLIMA,COOPERATIVA LATINOAMERICANA DE AHORRO Y CREDITO,COOPERATIVA LEON XIII DE MACEO LTDA,COOPERATIVA LEON XIII LTDA DE GUATAPE,COOPERATIVA MEDICA DE ANTIOQUIA LTDA,COOPERATIVA MULTIACTIVA ANTONIO JOSE JARAMILLO TOBON,COOPERATIVA MULTIACTIVA CON SECCION DE AHORRO Y CREDITO DEL CENTRO COMERCIAL SANANDRESITO LA ISLA LTDA,COOPERATIVA MULTIACTIVA COOMONOMEROS,COOPERATIVA MULTIACTIVA DE EDUCADORES DE CASANARE LTDA,COOPERATIVA MULTIACTIVA DE EL PAUJIL CAQUETA LIMITADA,COOPERATIVA MULTIACTIVA DE EMPLEADOS DE COLGATE PALMOLIVE,COOPERATIVA MULTIACTIVA DE LA AVIACION CIVIL COLOMBIANA,COOPERATIVA MULTIACTIVA DE LOS TRABAJADORES DEL ISS,COOPERATIVA MULTIACTIVA DE PROFESIONALES DE SANTANDER LTDA,COOPERATIVA MULTIACTIVA DE TRABAJADORES DE LA CHEC LTDA.,COOPERATIVA MULTIACTIVA DEL GUAINIA,COOPERATIVA MULTIACTIVA DEL INEM DE IBAGUE,COOPERATIVA MULTIACTIVA EL BAGRE LTDA,COOPERATIVA MULTIEMPRESAS,COOPERATIVA MULTISERVICIOS BARICHARA LTDA,COOPERATIVA NACIONAL DE AHORRO Y CREDITO AVANZA,COOPERATIVA NACIONAL DE TRABAJADORES,COOPERATIVA NACIONAL EDUCATIVA DE AHORRO Y CREDITO,COOPERATIVA PARA EL BIENESTAR SOCIAL,COOPERATIVA SAN PIO X DE GRANADA LTDA,COOPERATIVA SAN ROQUE,COOPERATIVA SAN SIMON,COOPERATIVA SAN VICENTE DE PAUL LTDA.,COOPERATIVA SUYA,COOPERATIVA TELEPOSTAL LTDA,COOPERATIVA TEXAS LTDA,COOPERATIVA TOLIMENSE DE AHORRO Y CREDITO COOFINANCIAR,COOPERTAIVA ESPECIALIZADA DE AHORRO Y CREDITO TAX LA FERIA,COPERATIVA DE AHORRO Y CREDITO LA BELLEZA,COPERATIVA ESPECIALIZADA DE AHORRO Y CREDITO CANAPRO,COPERATIVA MULTIACTIVA DE EDUCADORES DE BOYACA,COPROCENVA COOPERATIVA DE AHORRO Y CREDITO,EMPRESA COOPERATIVA DE AHORRO Y CREDITO SIGLO XX LTDA.,FEBOR ENTIDAD COOPERATIVA,FINANCIERA COOPERATIVA COLOMBIANA DE INGENIEROS,FORJAR COOPERATIVA DE AHORRO Y CREDITO,GRAN COOPERATIVA DE ENERGIA ELECTRICA Y RECURSOS NATURALES,LA COOPERATIVA DE AHORRO Y CREDITO SUCREDITO,MICROEMPRESAS DE COLOMBIA COOPERATIVA DE AHORRO Y CREDITO,"MULTIACTIVA EL ROBLE, ENTIDAD COOPERATIVA"
2021,1,Indicador de Riesgo de Liquidez - IRL,0.519745690755229,3.794954070377985,0.480059841591001,0.1764740330502637,0.9784374189794194,0.17832181583606968,0.815032898710765,0.56464228792904,0.43221003122450374,0.3978597509518771,0.8653640754783765,1.0973883021793263,1.5626460434695544,0.7228166337878257,0.46324410312185105,0.2958504946701853,0.5719211601921396,0.3218252172290543,0.24695991600494127,0.5534900797888394,0.8831373114313577,0.45364613294478073,0.38859613518406133,85.96033438378916,0.8043805212561564,0.602707303857044,0.9027776256329197,0.7384535373795544,2.519902169277434,0.24315989733944918,0.5104081215852637,0.4977973199885153,4.235511936980162,0.8286416136909296,0.2026547196992557,1.2974557986524895,1.1235630390536657,0.38056249356186145,0.6353285076774137,0.3841494851104315,0.3350897448156206,0.2153059222634387,0.6373419968200076,0.21162960477025322,0.3029559653211762,0.7114777192187032,0.5328248235518869,0.7613897597148099,0.3014572070745098,1.875948950060498,0.5524258643009727,2.4752167474871567,0.9486545713971997,0.906570179618267,0.7166574947959244,2.0625273419579626,2.4188991109894364,0.4328857309748567,1.310680502721584,0.44409288436104694,0.22362713642255763,1.0249985414166496,0.8220412961250659,0.43450945963975635,1.9363983548444634,2.490023915893669,0.3705785780709761,0.41048223575675746,0.46939632266069664,0.8234033206390226,1.4759222878415783,0.6159614068875761,1.5288236624781546,1.1299850288723974,1.7747638973262898,0.38657221598457403,0.26977248214723565,0.9385005609730649,0.6105279734193568,0.6599249786591722,0.9480432976107839,1.085494086367209,0.4652390501585018,0.37716872629336134,0.5855706142954962,0.8658882806127653,1.631090449153219,0.2992262478018519,2.2300339268840252,0.41032724319077285,0.8460344553900984,0.5217069941001934,1.7415042024109626,0.7558513284667682,0.2891401699051653,1.7579822486790488,0.5282213246364343,0.7812910390055939,0.47789149947566456,0.489435725825471,0.3994512909313683,2.2603683624934057,0.9265032940719389,0.32164050631743457,0.5325608571558879,0.8137834948770067,0.3525733248921456,0.9856523117074967,1.9271161007646382,0.5724505739940953,0.19520097381383128,2.469286742172711,0.25326958871885047,0.35968034197461435,0.5569132875689663,0.2010747287954949,0.5158855800996652,0.24380012769760992,1.249519859363621,0.36983924891129344,0.7085398085566993,0.38775304992596177,0.5507111480092509,0.8184695797135837,1.1659244893488991,0.7541024693208405,1.93146507116539,0.49530510426824903,0.9652706757592089,0.2698012189662845,0.26591982665270725,0.32732654675767303,0.5414372075665367,1.611398088039599,1.933882692152274,0.6341566493808029,5.882076522315384,0.5593887836619743,1.0404822718056193,1.0176675043585162
2021,2,Indicador de Riesgo de Liquidez - IRL,0.3864430800471607,2.733600613606922,0.4025031655200316,0.1540192571633679,0.8638172965387146,0.17873141796537217,0.6241660347437391,0.28077437133866046,0.5157756627028093,0.4597221434248448,0.8328462681550431,1.0421466424713126,1.8772183504732585,0.4490688592440636,0.4274379746938295,0.2793753923666741,0.594590999035892,0.3941054808867979,0.2741531644027129,0.5027559378790506,1.064146760783195,0.2850504285849505,0.3134545818026325,139.47487369915999,0.5619397953292211,0.5292249751326138,0.8526154170630034,0.8830385913915028,1.0325056245768043,0.18159811587998637,1.1700482239284256,0.47337127808396406,4.051294043990978,0.5501973611291757,0.26807227427425884,1.2717379292798607,0.40990629267379664,0.2526349885257072,0.4946418675991029,0.2937808942082461,0.28487179824181036,0.18007124818244516,0.5963528732706935,0.15456911474847362,0.18494849474201253,0.5840631462039587,0.5315479425052528,0.5860914333685873,0.556348670957262,1.218700685344804,0.7491719192343457,2.2826321868125214,0.6457664376452419,0.9466016891932482,0.6799358995805855,1.4344978463975173,2.1491681982971644,0.41327859073236967,1.3058965276695718,0.3839486386099681,0.3659310517326857,1.0425838646555474,0.8210784073390182,0.4812890765441946,0.8968504717828307,1.631225765891178,0.408629769050065,0.3443679220520263,0.474127959065365,0.771985852394283,1.2566411915157194,0.503807603381773,0.7202135651377182,0.8053226268742689,1.3280342389114206,0.6096102150204727,0.47286255151895373,0.6786316866523555,0.4626529933164237,0.5635119676728813,0.8097009159977895,1.2543588594734414,0.35937906864051045,0.39952790071324257,0.5595023546754373,0.7447705264391049,1.8077466701731197,0.21885858231118527,2.0680829852392906,0.4979951592362939,0.8967668910674782,0.5155075941024733,1.1984567980018574,0.8294779527200423,0.21063949395118167,1.8375793322494132,0.5831464473188429,0.7138409120172552,0.45598012017126394,0.47323227045311217,0.48548493160831857,2.708425775636465,0.6017248955328734,0.32395516930477025,0.5435688388243656,0.3542114540017393,0.3136239786490971,2.1336343639769,1.8834057237245372,0.38167443316449784,0.213257472293455,4.983230517152801,0.2016884402720132,0.4006351752453809,0.6579804896733774,0.17093086707739674,0.5378654486329527,0.16341866935238888,1.2354644813510893,0.3542123427880285,0.7479994132232421,0.536806717689948,0.23730478835486865,0.7841181227264069,1.0263424554404574,0.6845978263504007,1.79804832798789,0.5052286126174746,1.2707814809893343,0.2766636101890297,0.3103091913631069,0.3078565175386796,0.5439133624681857,1.221471344903491,2.2253037375983333,0.6248278806809333,5.6395123874391,0.2647783442806518,1.316202269714511,1.4603054230898338
2021,3,Indicador de Riesgo de Liquidez - IRL,0.5147297589056646,2.83115747161875,0.45950516287158805,0.16176221987901127,0.9458430411482914,0.3113459678254157,0.7543903697199745,0.574305232224003,0.44308520387530437,0.4671963107848336,0.8496614284011529,1.1233630402324641,1.7160038798272552,0.5972201644774299,0.5384522164570746,0.30293850019413054,0.5542437419141736,0.33764094454424426,0.2740585235802485,0.6365812771972215,0.8825787895335376,0.44101699475906736,0.40527718495852333,38.626544441886786,0.8437713047436515,0.6924419195262211,0.8561968889409622,0.9255663001008637,2.2990884466291654,0.2832641163168222,0.48614319731086736,0.47965480873560234,4.075451207320703,0.7515145171606631,0.2260956987157845,1.3435103850821826,0.9664834959608594,0.3191197284880736,0.6676381866783678,0.3352372246320438,0.3216391277300536,0.2204951257268608,0.6380500153918555,0.17677510480679415,0.2691196239392559,0.6300033051288465,0.4891042183847096,0.7666885596902333,0.28908389334827067,1.0706521079575837,0.5865866799321748,2.3657247407512676,0.8481785099473216,0.9263580096484956,0.7862743945361679,2.051992997185531,2.3810337677855395,0.4233793960893653,1.318578542145929,0.3761404280342393,0.2737065364904951,1.1541740232639475,0.7662085377119464,0.4511797513525014,1.8108033411669435,2.5143701708542436,0.34451263349277855,0.3458516713036749,0.47996470047027884,0.8072119937910069,1.5298931242066862,0.6312354176805973,1.520246010330402,1.126085783873461,1.4051445155188478,0.4629339019533387,0.4443594713945104,0.8409272041289388,0.6405856365404782,0.6766280543443314,0.9375227478239831,1.1907374184720558,0.549527674181174,0.4251889908708391,0.7361547756830966,0.8208009002454407,1.6587929034182043,0.2662804016993843,2.1093759751342187,0.3729659422412499,0.9154844669234394,0.47385870072835556,1.8279495257362526,0.8338595215140361,0.28695928362977535,1.9949726874456033,0.5648184547580936,0.7891164794816942,0.4974178346881908,0.4580655102590214,0.5602212964262375,2.3354296527687524,0.6631914574442414,0.593359332925394,0.536417855279689,0.7105562607802126,0.30100387297008324,1.2645554551155713,1.892540267811515,0.5348349738572918,0.18986798055821527,2.0656823187056763,0.23600479733762175,0.452110716306889,0.6170663742292622,0.2046365864172587,0.4928154172235693,0.21020591573839167,1.2388415295427004,0.33635858414572417,0.7056116905186154,0.5985055596946411,0.528959194309655,0.7783842027677776,1.2421407908579438,0.6964925181839103,1.88368662598211,0.49797495588914653,1.1362772582715546,0.24200455532042883,0.2550908789809039,0.3301723604611574,0.5089146285878213,1.392919627306685,1.964557487100316,0.6857105752469197,5.6777632117542005,0.6336213263559538,1.099858843897557,1.1430012715327773
2021,4,Indicador de Riesgo de Liquidez - IRL,0.5241432543118534,2.745263607440481,0.480910262892594,0.15928379263031034,0.951370239065915,0.29579554948246956,0.8063387553062553,0.5545680354491522,0.42634594412008003,0.4616255781462443,0.8439851372136498,1.101738021137393,1.7602565665738634,0.5459237540019237,0.41897597487706184,0.32215338635487095,0.5602494212013587,0.33814874704848413,0.2832883784448264,0.6243452619125907,0.8999200762288138,0.39130856549403015,0.40431651601064966,30.784884556511184,0.8822108577718923,0.6311733117763628,0.8770495535531042,0.9507672641899783,2.1289761764099566,0.29307006842880406,0.4541206986662878,0.485698033297486,3.8951100349208936,0.7475544119141592,0.2267700927161858,1.3662884354499192,0.956528238180881,0.3209793534879005,0.6649432173491859,0.28125349402172173,0.2647909693686044,0.21257345963366944,0.6233223357487793,0.18663563852150733,0.25613159342425657,0.6910597995214256,0.4560605042966985,0.800523493006255,0.3200546220834702,1.0123290404380771,0.5780824996928448,2.4083047344175803,0.8118841221498683,0.9416371216923229,0.7747484043250028,2.0979110910437093,2.1541472354929896,0.4806292100039782,1.3034705545839842,0.40261823221214726,0.26455908225736063,1.2188021479350986,0.799338746986449,0.4103283159919153,1.8014281998524786,2.32944598562572,0.3224351181946809,0.3200452889696814,0.4863090507930556,0.8265918876664075,1.5057201668947902,0.6122257262202925,1.2950510577724135,1.1368778368580104,1.4759482621824922,0.5411866534101575,0.45506409625547445,0.8198500612061239,0.5637339279003337,0.6518989155260949,0.9337348574770432,1.1850216834756566,0.3785411880298271,0.35634494875945427,0.7329211054767041,0.7934363108831827,1.739386111511788,0.23046552870699819,2.300084339573552,0.3673916672917398,0.9233655054279265,0.5346917968321868,1.8943873753009859,0.8302670931855298,0.2697023758329051,1.961865737438844,0.5361399198583039,0.7694607257950646,0.5134325443187608,0.4694995747946814,0.5088820620719906,2.4635181969196513,0.7824919030816918,0.5362601610089957,0.3634048013142635,0.7276343091150809,0.3583301891214984,1.3173895197512198,1.8237329442783443,0.5919148741343414,0.2052184595858066,2.7399293714483113,0.2227325935551426,0.5083510868227838,0.6524216191719187,0.1901490252216779,0.5068937680792618,0.20704160169202904,1.23075094645089,0.3392611226129337,0.7191867238014276,0.4984356056235411,0.5410334057829876,0.7868052957114873,1.2545648422032787,0.7319851420361561,2.2346201783821282,0.5353598370181523,1.140927251343137,0.22923279376075267,0.2707726085610709,0.3595262925250405,0.5318837285197803,1.270891763277257,2.147916703379127,0.7327939399995801,5.664068715801427,0.42144811935642235,1.145351326334639,1.210908657299742
2021,5,Indicador de Riesgo de Liquidez - IRL,0.5357221569689204,3.2618901188602334,0.47444468303507936,0.16369393011315783,1.00924518349424,0.2646722391167544,0.7433391390518479,0.341270637386305,0.5036907429781703,0.5667608636484707,0.8817385974949172,1.0206905759366245,1.5728396105041753,0.657910339689964,0.4699260437065292,0.3083620091848713,0.6907349511086304,0.4937304460867999,0.29049867339407187,0.4638849307002371,1.0099379232421988,0.44577722734891734,0.41834319705012524,18.155550045554588,0.7589000334001057,0.5928119348815597,0.8812260740779491,1.1885781359716059,1.832309036726066,0.28294008751334243,0.7350135083608994,0.4921426454790681,4.157289429947212,0.6888525380581503,0.2916869808500423,1.514898786942642,0.6806332335525782,0.3205883935044502,0.601892752862679,0.38848059931178575,0.3037621383261588,0.16524663198504008,0.5462838174024589,0.17267460826738745,0.23108595279905872,0.6980668043319036,0.5086594558456144,0.8083557815188809,0.4256820711782384,1.030875379500602,0.6441716101410111,2.6110428299584574,0.8290234871514135,0.8776807178242185,0.707050545915697,2.0738846814885425,2.6980560439513037,0.3726174200536395,1.1660054584999442,0.31733807880614967,0.261832238465783,0.9701569218542189,0.8212169514664112,0.4674190639065029,1.4266938769839117,1.9192130825059404,0.2985030068811958,0.3294890843596931,0.4899953597323411,0.803662754061034,1.4537872658777133,0.6621774023959246,0.7118567069931356,0.9356022705261196,1.2288187905391112,0.5878910963084096,0.3079289719712147,0.6918499939790018,0.568682268200098,0.5588098836185557,0.9128835468278449,1.2729369252923113,0.29330312587522217,0.3372269737896647,0.8115743413299136,0.6871377649388761,1.7682935220775946,0.2560247317986915,2.2617688583526765,0.44172617896843436,0.9144365279527257,0.5775491664449643,1.759036684118207,0.8300266070562183,0.26732803435572544,1.9980972981121623,0.5530265075552665,0.7619288162299054,0.5090911738299477,0.40861412589890367,0.4358409405526707,2.768641153353053,0.7845371042795405,0.4633830051658329,0.47682710877524664,0.5490863808125656,0.3381728355861102,2.4053135979115665,1.8846384223804726,0.5782022555952808,0.22848732280151832,2.0128389762697365,0.27593475866838835,0.4911605257053314,0.6360679325056211,0.1730922359031698,0.4767619232981652,0.23594289892335693,1.2123848998230549,0.34109358682296637,0.752001788162864,0.7777293132452648,0.5073107956619172,0.8387624091604433,1.155712579660283,0.7429250875348486,1.8832826092358688,0.5436325494094428,1.1941966517245497,0.24824612095291101,0.28752246159223743,0.39167921118196597,0.6498505871560525,1.4950357760446018,2.09835847774329,0.701764181396718,5.763749254644729,0.36494876930632447,1.2726857481326694,1.3889846835750805
2021,6,Indicador de Riesgo de Liquidez - IRL,0.0,0.0,0.0,0.0,0.0,0.0,0.0,0.0,0.0,0.0,0.0,0.0,0.0,0.0,0.0,0.0,0.0,0.0,0.0,0.0,0.0,0.0,0.0,0.0,0.0,0.0,0.0,0.0,0.0,0.0,0.0,0.0,0.0,0.0,0.0,0.0,0.0,0.0,0.0,0.0,0.0,0.0,0.0,0.0,0.0,0.0,0.0,0.0,0.0,0.0,0.0,0.0,0.0,0.0,0.0,0.0,0.0,0.0,0.0,0.0,0.0,0.0,0.0,0.0,0.0,0.0,0.0,0.0,0.0,0.0,0.0,0.0,0.0,0.0,0.0,0.0,0.0,0.0,0.0,0.0,0.0,0.0,0.0,0.0,0.0,0.0,0.0,0.0,0.0,0.0,0.0,0.0,0.0,0.0,0.0,0.0,0.0,0.0,0.0,0.0,0.0,0.0,0.0,0.0,0.0,0.0,0.0,0.0,0.0,0.0,0.0,0.0,0.0,0.0,0.0,0.0,0.0,0.0,0.0,0.0,0.0,0.0,0.0,0.0,0.0,0.0,0.0,0.0,0.0,0.0,0.0,0.0,0.0,0.0,0.0,0.0,0.0,0.0,0.0,0.0
2021,7,Indicador de Riesgo de Liquidez - IRL,0.0,0.0,0.0,0.0,0.0,0.0,0.0,0.0,0.0,0.0,0.0,0.0,0.0,0.0,0.0,0.0,0.0,0.0,0.0,0.0,0.0,0.0,0.0,0.0,0.0,0.0,0.0,0.0,0.0,0.0,0.0,0.0,0.0,0.0,0.0,0.0,0.0,0.0,0.0,0.0,0.0,0.0,0.0,0.0,0.0,0.0,0.0,0.0,0.0,0.0,0.0,0.0,0.0,0.0,0.0,0.0,0.0,0.0,0.0,0.0,0.0,0.0,0.0,0.0,0.0,0.0,0.0,0.0,0.0,0.0,0.0,0.0,0.0,0.0,0.0,0.0,0.0,0.0,0.0,0.0,0.0,0.0,0.0,0.0,0.0,0.0,0.0,0.0,0.0,0.0,0.0,0.0,0.0,0.0,0.0,0.0,0.0,0.0,0.0,0.0,0.0,0.0,0.0,0.0,0.0,0.0,0.0,0.0,0.0,0.0,0.0,0.0,0.0,0.0,0.0,0.0,0.0,0.0,0.0,0.0,0.0,0.0,0.0,0.0,0.0,0.0,0.0,0.0,0.0,0.0,0.0,0.0,0.0,0.0,0.0,0.0,0.0,0.0,0.0,0.0
2021,8,Indicador de Riesgo de Liquidez - IRL,0.0,0.0,0.0,0.0,0.0,0.0,0.0,0.0,0.0,0.0,0.0,0.0,0.0,0.0,0.0,0.0,0.0,0.0,0.0,0.0,0.0,0.0,0.0,0.0,0.0,0.0,0.0,0.0,0.0,0.0,0.0,0.0,0.0,0.0,0.0,0.0,0.0,0.0,0.0,0.0,0.0,0.0,0.0,0.0,0.0,0.0,0.0,0.0,0.0,0.0,0.0,0.0,0.0,0.0,0.0,0.0,0.0,0.0,0.0,0.0,0.0,0.0,0.0,0.0,0.0,0.0,0.0,0.0,0.0,0.0,0.0,0.0,0.0,0.0,0.0,0.0,0.0,0.0,0.0,0.0,0.0,0.0,0.0,0.0,0.0,0.0,0.0,0.0,0.0,0.0,0.0,0.0,0.0,0.0,0.0,0.0,0.0,0.0,0.0,0.0,0.0,0.0,0.0,0.0,0.0,0.0,0.0,0.0,0.0,0.0,0.0,0.0,0.0,0.0,0.0,0.0,0.0,0.0,0.0,0.0,0.0,0.0,0.0,0.0,0.0,0.0,0.0,0.0,0.0,0.0,0.0,0.0,0.0,0.0,0.0,0.0,0.0,0.0,0.0,0.0
2021,9,Indicador de Riesgo de Liquidez - IRL,0.0,0.0,0.0,0.0,0.0,0.0,0.0,0.0,0.0,0.0,0.0,0.0,0.0,0.0,0.0,0.0,0.0,0.0,0.0,0.0,0.0,0.0,0.0,0.0,0.0,0.0,0.0,0.0,0.0,0.0,0.0,0.0,0.0,0.0,0.0,0.0,0.0,0.0,0.0,0.0,0.0,0.0,0.0,0.0,0.0,0.0,0.0,0.0,0.0,0.0,0.0,0.0,0.0,0.0,0.0,0.0,0.0,0.0,0.0,0.0,0.0,0.0,0.0,0.0,0.0,0.0,0.0,0.0,0.0,0.0,0.0,0.0,0.0,0.0,0.0,0.0,0.0,0.0,0.0,0.0,0.0,0.0,0.0,0.0,0.0,0.0,0.0,0.0,0.0,0.0,0.0,0.0,0.0,0.0,0.0,0.0,0.0,0.0,0.0,0.0,0.0,0.0,0.0,0.0,0.0,0.0,0.0,0.0,0.0,0.0,0.0,0.0,0.0,0.0,0.0,0.0,0.0,0.0,0.0,0.0,0.0,0.0,0.0,0.0,0.0,0.0,0.0,0.0,0.0,0.0,0.0,0.0,0.0,0.0,0.0,0.0,0.0,0.0,0.0,0.0
2021,10,Indicador de Riesgo de Liquidez - IRL,0.0,0.0,0.0,0.0,0.0,0.0,0.0,0.0,0.0,0.0,0.0,0.0,0.0,0.0,0.0,0.0,0.0,0.0,0.0,0.0,0.0,0.0,0.0,0.0,0.0,0.0,0.0,0.0,0.0,0.0,0.0,0.0,0.0,0.0,0.0,0.0,0.0,0.0,0.0,0.0,0.0,0.0,0.0,0.0,0.0,0.0,0.0,0.0,0.0,0.0,0.0,0.0,0.0,0.0,0.0,0.0,0.0,0.0,0.0,0.0,0.0,0.0,0.0,0.0,0.0,0.0,0.0,0.0,0.0,0.0,0.0,0.0,0.0,0.0,0.0,0.0,0.0,0.0,0.0,0.0,0.0,0.0,0.0,0.0,0.0,0.0,0.0,0.0,0.0,0.0,0.0,0.0,0.0,0.0,0.0,0.0,0.0,0.0,0.0,0.0,0.0,0.0,0.0,0.0,0.0,0.0,0.0,0.0,0.0,0.0,0.0,0.0,0.0,0.0,0.0,0.0,0.0,0.0,0.0,0.0,0.0,0.0,0.0,0.0,0.0,0.0,0.0,0.0,0.0,0.0,0.0,0.0,0.0,0.0,0.0,0.0,0.0,0.0,0.0,0.0
2021,11,Indicador de Riesgo de Liquidez - IRL,0.0,0.0,0.0,0.0,0.0,0.0,0.0,0.0,0.0,0.0,0.0,0.0,0.0,0.0,0.0,0.0,0.0,0.0,0.0,0.0,0.0,0.0,0.0,0.0,0.0,0.0,0.0,0.0,0.0,0.0,0.0,0.0,0.0,0.0,0.0,0.0,0.0,0.0,0.0,0.0,0.0,0.0,0.0,0.0,0.0,0.0,0.0,0.0,0.0,0.0,0.0,0.0,0.0,0.0,0.0,0.0,0.0,0.0,0.0,0.0,0.0,0.0,0.0,0.0,0.0,0.0,0.0,0.0,0.0,0.0,0.0,0.0,0.0,0.0,0.0,0.0,0.0,0.0,0.0,0.0,0.0,0.0,0.0,0.0,0.0,0.0,0.0,0.0,0.0,0.0,0.0,0.0,0.0,0.0,0.0,0.0,0.0,0.0,0.0,0.0,0.0,0.0,0.0,0.0,0.0,0.0,0.0,0.0,0.0,0.0,0.0,0.0,0.0,0.0,0.0,0.0,0.0,0.0,0.0,0.0,0.0,0.0,0.0,0.0,0.0,0.0,0.0,0.0,0.0,0.0,0.0,0.0,0.0,0.0,0.0,0.0,0.0,0.0,0.0,0.0
2021,12,Indicador de Riesgo de Liquidez - IRL,0.0,0.0,0.0,0.0,0.0,0.0,0.0,0.0,0.0,0.0,0.0,0.0,0.0,0.0,0.0,0.0,0.0,0.0,0.0,0.0,0.0,0.0,0.0,0.0,0.0,0.0,0.0,0.0,0.0,0.0,0.0,0.0,0.0,0.0,0.0,0.0,0.0,0.0,0.0,0.0,0.0,0.0,0.0,0.0,0.0,0.0,0.0,0.0,0.0,0.0,0.0,0.0,0.0,0.0,0.0,0.0,0.0,0.0,0.0,0.0,0.0,0.0,0.0,0.0,0.0,0.0,0.0,0.0,0.0,0.0,0.0,0.0,0.0,0.0,0.0,0.0,0.0,0.0,0.0,0.0,0.0,0.0,0.0,0.0,0.0,0.0,0.0,0.0,0.0,0.0,0.0,0.0,0.0,0.0,0.0,0.0,0.0,0.0,0.0,0.0,0.0,0.0,0.0,0.0,0.0,0.0,0.0,0.0,0.0,0.0,0.0,0.0,0.0,0.0,0.0,0.0,0.0,0.0,0.0,0.0,0.0,0.0,0.0,0.0,0.0,0.0,0.0,0.0,0.0,0.0,0.0,0.0,0.0,0.0,0.0,0.0,0.0,0.0,0.0,0.0
2022,1,Indicador de Riesgo de Liquidez - IRL,0.44227926300815684,2.708822279492097,0.4081426675549783,0.15063081110485027,0.8708586626545902,0.22505417624776858,0.668035161473043,0.3284228746872946,0.503136433948292,0.4812634857244843,0.8440536902668248,1.048834373501135,1.9732771944629262,0.4605855029871356,0.3468093818601933,0.282330170448328,0.6201637895994426,0.4597931154185067,0.3092372992907333,0.4298924732313354,1.0740519938637518,0.30462594450998903,0.3295060576042594,65.57244751583686,0.4341682072191667,0.5231030724373702,0.888293158731271,0.8940490885241146,1.0522081397522314,0.18699165179917732,1.0472299109624532,0.4920784937504164,4.035765374852822,0.5670253986208578,0.3489881182843497,1.280762752693208,0.5808210348758761,0.24024207639183218,0.5150983920177961,0.27518668318773803,0.3098375927545988,0.18970739523810617,0.624896182729364,0.19188474283768944,0.21160115738699795,0.5746653625932591,0.5167449840600667,0.6429837212356783,0.5996923440955368,1.1417735775962885,0.7139768503422543,2.2414357183670117,0.6738352798084807,0.983404792018488,0.736787147444501,3.2257799556915883,2.223757379637822,0.43237819588203735,1.2957835021356954,0.4848739134476749,0.4416725272926521,0.9531039398424622,0.7683637268469069,0.4129699731407901,0.8485101938090996,1.4838362904742068,0.3546912198538777,0.3961991326934557,0.48201275493915186,0.7335844227128043,1.2329516437701804,0.522720273226423,1.0442987600553821,0.8225035283232378,1.2766332283886064,0.7072518226986931,0.4313427298845247,0.7054081189687141,0.399584675169071,0.5889827156365522,0.8368366415528957,1.2713588909974718,0.3894210527703288,0.4396525191939991,0.5236647984134032,0.6983251591172482,1.837756778906121,0.34135419117587124,2.0019957471308287,0.5196180872386149,0.8977567763367504,0.49334389829925346,1.3064043952586037,0.8308786014456897,0.2435182650355959,1.97386294674041,0.5605246617556697,0.7441012197696287,0.48696561696137963,0.4079030925358695,0.5256701657136392,2.7717932496699094,0.4428208071638402,0.5045673063344418,0.5315273066094932,0.41689339224774846,0.32930995321330286,1.5139686668284291,1.865485474396558,0.36460156049094894,0.19818774196817432,5.052892723073465,0.24075045966523195,0.3831088407682718,0.6710268854023865,0.19147049677395198,0.5000139919526873,0.186538260652351,1.1747852642858283,0.40453427322123336,0.7662512232339657,0.5962591130859352,0.18411471171129806,0.7610315613184968,1.0870656033025503,0.6705330131237038,1.8252510595824494,0.5069036060174985,1.3746517403185556,0.28831721328718307,0.3143573707020406,0.2764251918188722,0.3655153330708508,1.2817747624847682,2.138652699600497,0.6493806661496291,5.523594236428668,0.302677818850257,1.3553894014778136,1.5199655185179883
2022,2,Indicador de Riesgo de Liquidez - IRL,0.40868553884601083,2.6845713342369693,0.290850072373537,0.18059396142231007,0.709538905679988,0.20919024762607813,0.6105077068080892,0.268533967642455,0.5201711851746734,0.3998358374551142,0.4883699263746293,1.062599114422634,1.8823240010988493,0.4674578840940178,0.36221542606763013,0.21137368171525442,0.4715581431401595,0.3489059029339329,0.16851320014998517,0.4704416613611885,0.9880012269054387,0.38755365824056626,0.28891258729621927,112.95065704217672,0.6881792995294708,0.47255730924582556,0.7392928537751858,0.5781183039153417,1.0746932895206385,0.1637357986601436,0.5223515278998323,0.3780617964716301,3.1446130215004775,0.34970947837427535,0.17265995930965772,0.5105245330391245,0.19630171604912036,0.2800732128569844,0.28889597198773875,0.24456849351786966,0.32735081103619906,0.17972398980609242,0.5474372955045411,0.2279863694516478,0.22759044573509277,0.4887084624540535,0.29697647658195947,0.5494727563930464,0.26268428133903743,1.0642348328768452,0.37731298103271127,1.7505202265752209,1.2850326284353384,0.7988143621936875,0.6532568643246321,2.0212252412200824,1.1483661700075742,0.4322948053770122,0.793883933842991,0.4735230215723724,0.3312417773205638,0.4243471238413825,0.580121323492867,0.33913875744480765,1.1873846396853833,0.8201815147947289,0.39631601028359914,0.30965166440749403,0.44248095901124845,0.5897638016704139,0.49194642129409577,0.4303378378035545,0.7295279966713453,0.7524710587847239,0.884502228100437,0.5596528376291827,0.42031323022145395,0.5497687003282058,0.6079596352714808,0.3619321743464678,0.3977196403481121,0.7694820826765255,0.39996682653151816,0.34927131627171265,0.29302610759452374,0.7165848548183068,1.0695281079012542,0.38880961055810076,0.9357726287044585,0.40429689226887455,0.8470061739285693,0.253753591946464,0.520813969999676,0.8091525970100462,0.2536524674325721,0.7089880388007229,0.38101300728930654,0.6461081700273656,0.33921303242250145,0.6350272998650937,0.3091438886416792,2.330832207172487,0.3406672627309549,0.38565138886903005,0.5404793925170923,0.38487091862769723,0.3066371298979446,0.7789980031320518,1.0138387910831137,0.4373835577548816,0.16712880014809328,3.6007647549007027,0.30254260359831,0.46438664867051516,0.41158983755403694,0.21385881817878546,0.5999162508495915,0.1937719324642156,0.6930123439608881,0.43475264354681675,0.3490373102314408,0.3887172271208382,0.24757340736911745,0.45189116788882266,1.0633201500347176,0.4504242721590299,1.120160549335485,0.2716630626213707,1.1444653220686158,0.296904535041405,0.22447306085419524,0.2702774115387198,0.2022006332107823,1.136180598347393,2.5305856231483044,0.4631788153329956,5.986466708436035,0.4831861313535965,0.8854232945260067,1.2516848196832255
2022,3,Indicador de Riesgo de Liquidez - IRL,0.4563663568217607,2.289243901973705,0.38519858802558626,0.16225713914741682,0.8136994453548128,0.23821435191433019,0.47336538523942323,0.2838655234640588,0.5943981187832299,0.5068674618193344,0.8984839919617672,1.0498432005294207,2.1219618878418287,0.47115286725055744,0.4154053227008051,0.28942236422757506,0.5836185615064471,0.47071488220095103,0.3249306277354683,0.36854501413364693,1.0738264880794044,0.41968994217027955,0.34188230273804054,30.748269870689256,0.42558465523585104,0.4635349023798429,0.843533167282065,0.7377218832875437,0.7849509711434234,0.20337549603366553,0.9690038237702411,0.5034760531037935,3.850118958914587,0.4041688859238573,0.3567056896452959,1.067193275032871,0.5267917249495145,0.2757772652665855,0.5210142634812429,0.2725119831975083,0.3188502762887439,0.17240423437103522,0.6066781360841501,0.21065151154121142,0.1969371948924912,0.5300282170556323,0.43695636785084846,0.5776114954195006,0.6106667771059641,1.3235296241716084,0.6830494941522868,2.203274973827727,0.5700075779772908,0.9893751814237073,0.761056882550477,3.4563356786932107,2.2423316593291087,0.33067890950655227,1.1765130955431131,0.4536271210289964,0.4860246642246556,0.7701909659866171,0.7495414078292683,0.383146396345386,0.8554325385260342,1.1627263078953367,0.377853863481365,0.3513224559786009,0.4763637705622812,0.7225536410214044,1.1730240525522933,0.4293489527778623,1.4563266698719544,0.7228431891620315,1.1628096536840904,0.6686742670928885,0.42608057951758516,0.54615806907003,0.39424932280166874,0.6051479772390794,0.819903341197526,1.1093576746872456,0.5480158566600789,0.5218329250915841,0.46416961046861377,0.5744933573176246,1.8045989384810908,0.34775039268332797,1.6243984167069594,0.46163074687538586,0.9713182560093988,0.4374573724801388,1.3208703293587678,0.8608935666415466,0.1767030413110066,1.2105248376953137,0.5581950466235763,0.7737118454133379,0.49558129772611126,0.4265466357086015,0.4850169383692406,2.894200054188075,0.28424903728381545,0.34005383437842573,0.5845464664292908,0.3644034677553145,0.34567084690849037,1.2037037952104754,1.9115822562122393,0.2940843131891938,0.27410866399746064,2.7602300812464216,0.24812745746745915,0.5934374292701142,0.6668413258884817,0.21742907739647063,0.5188767608912714,0.17811119814054896,1.0253803112531872,0.37181285486902393,0.7140844549248768,0.3630851742577883,0.23736244846933888,0.7604110748841691,1.1679105311572244,0.6531869890686629,0.0,0.5197827564916022,1.3664812056856832,0.2974424723737498,0.28132795002572214,0.23031489430720725,0.23753086001393428,1.2919993814928983,2.068363019851645,0.6715362356913489,5.294176385783217,0.3791379363139071,1.2944669861259535,1.4854721356819751
2022,4,Indicador de Riesgo de Liquidez - IRL,0.48268583500844253,2.2368342689266596,0.36221280130686956,0.15646944242492136,0.8266741899415092,0.2607527593437115,0.4759252534050936,0.28842108033363734,0.5054398526618786,0.5423537267401204,1.056215029879274,1.062268017825151,2.060009799500879,0.3956328758951328,0.4522423598691256,0.26758839563644815,0.592676932356394,0.4478262386422661,0.3202903559082551,0.3983943177229565,1.0724033654807248,0.49469348511067573,0.3312411388441501,23.33370339500394,0.42715198716488784,0.4526764170529291,0.8016888337169348,0.6706933534894696,0.7081127778637015,0.20249674158378933,0.9784340947813639,0.4717967603617322,3.9095878028127284,0.33789511403610667,0.28289288032181714,0.9631865985363693,0.5426730745474503,0.2694628974004564,0.5081672502923933,0.2566047444826353,0.35306820575039705,0.1864512874102675,0.5921353626775067,0.20593003527994905,0.19806849346739283,0.51280888156468,0.39622283889775733,0.5760841336667056,0.5947648180089711,1.2354575847564895,0.6925436020508297,2.100597316964661,1.0063501859400543,0.985798147966375,0.7674494435499364,3.229071349201346,2.0153541417841168,0.31928084945276775,1.0663989884189353,0.4962871957558704,0.5037859252173913,0.6951455171644615,0.7354768124763065,0.43887830158948415,0.857856865140111,1.0928710549838938,0.3794651698233877,0.355174889436369,0.5014465920446145,0.7165937067699367,1.0582066313294984,0.42550940084370065,1.2351046392918352,0.641369780569699,1.0181406064049203,0.6698901430476889,0.40372799612483734,0.6242363515282692,0.369761200649726,0.577786877715527,0.8285420520483883,1.045825388097432,0.5197349414778576,0.5137245165470381,0.4039552113047041,0.5947263456535486,1.8139517656243458,0.34110233486488545,1.6163613049152645,0.37807830604496817,0.9447083299778953,0.4623382418855043,1.3035264799865764,0.8759994229492296,0.27794547471290165,1.1555819174945046,0.5315523643628803,0.7717899146624453,0.4982640570991405,0.39242978158696007,0.49307429785915463,2.858262688732285,0.2505371800944182,0.23968919712933826,0.5266840386292774,0.43253493205088633,0.3338803625755113,1.2624680416451122,1.710727411260342,0.31460417548145597,0.20312483662891764,3.199324702310615,0.20130881795002464,0.37432227020981057,0.6086904790480265,0.20243221471384962,0.5223056549644114,0.16856728224268155,1.0141916534101758,0.36674435265330785,0.6770145308150142,0.33157568219819766,0.20305147486244404,0.7428524976926923,1.1942198130032913,0.608952003096265,1.8399438647229247,0.5053346966639464,1.4273261503187884,0.31815750771980866,0.2874739038833102,0.22629441304250825,0.25904234863942827,1.4377578845825572,2.20382771445456,0.6651827133336027,5.280743679325747,0.42412412383176856,1.3217773895728315,1.4374316137411403
2022,5,Indicador de Riesgo de Liquidez - IRL,0.36248447463174854,2.35129697221591,0.32619841321334725,0.1594914001137521,0.7410489791922369,0.21325306706478994,0.4149939864344897,0.29145662561760105,0.4669713662365846,0.5260907686154574,0.9354270980537363,1.0398165808993969,1.9708356250423569,0.5572060797468386,0.33938824908667437,0.26607688242120686,0.5529793700255691,0.44111156278232516,0.23219105335951248,0.41315547888221754,1.0392899390036328,0.3846330151754202,0.4064373471077786,14.461466355706733,0.37132156073236156,0.5034768206381884,0.6385079140259744,0.5203334132796394,1.35309615522282,0.18442335211557837,0.7554624731231537,0.500612652371886,3.329088512589373,0.35926893532410115,0.3083534970243801,0.6099210975113156,0.2354486323229916,0.24417911945808687,0.40075334227507803,0.2347628667952438,0.31442960228632605,0.19686666688713517,0.5290844306217851,0.2384043518819371,0.16586064006005136,0.3041434004474884,0.3499501076661465,0.5616570984945294,0.4515154414731543,0.992992995299781,0.5821586779341203,1.9399007918634015,1.0669438278765049,0.7941690921380344,0.7925824324227124,3.0948444064656297,2.0864850712335707,0.3527324113336316,0.8837574400572556,0.420881340502728,0.4648914215967457,0.6356543630630355,0.6042464902162485,0.3144011987402183,1.057208149700261,0.6824944272647756,0.36500586375203325,0.2963649910205258,0.4123222472904554,0.6003498479932121,0.7706609734187851,0.3283334004805705,0.6245281049695849,0.6940500425023386,0.47551146909665015,0.6485267697515217,0.35173239958453595,0.49714224165397064,0.2541241637473782,0.49903734052178406,0.6585764068596149,0.6576629156663317,0.5057386493693826,0.379742856262953,0.37095746856115897,0.5800646427366801,1.5962236502619935,0.3658124012780738,0.6080942296859755,0.45886265015469513,0.9952712894187938,0.424098874599443,0.7886783058958493,0.8012768522542807,0.2121819349487864,0.8471665995066233,0.48185563307208856,0.7176407196527232,0.4078841233904162,0.570585326833926,0.38225209333500854,2.8175210778458664,0.30014916513116563,0.34177418893917005,0.648743167363058,0.416197208344279,0.3557804736875011,1.1268629609371796,1.2669485227966704,0.3872528757988711,0.2511914699070068,2.6812332119321405,0.2773701035644834,0.3038578361557634,0.31778536372384836,0.22322838314470872,0.6224085729138153,0.1766292511411263,0.9192930036576874,0.3403970946974781,0.5405205749695217,0.3392559605095543,0.17629535358757348,0.562401202885476,1.1736118136591829,0.4205582878489291,1.2564970674047282,0.2662562786251047,1.4614718811015266,0.3171568359242482,0.2059619125173553,0.3134307711114316,0.30199959356632855,1.2926817747571284,2.1709905183382325,0.5613073953448043,5.410110188236959,0.2841396669140428,1.0788654313173447,1.351986782516311
2022,6,Indicador de Riesgo de Liquidez - IRL,0.0,0.0,0.0,0.0,0.0,0.0,0.0,0.0,0.0,0.0,0.0,0.0,0.0,0.0,0.0,0.0,0.0,0.0,0.0,0.0,0.0,0.0,0.0,0.0,0.0,0.0,0.0,0.0,0.0,0.0,0.0,0.0,0.0,0.0,0.0,0.0,0.0,0.0,0.0,0.0,0.0,0.0,0.0,0.0,0.0,0.0,0.0,0.0,0.0,0.0,0.0,0.0,0.0,0.0,0.0,0.0,0.0,0.0,0.0,0.0,0.0,0.0,0.0,0.0,0.0,0.0,0.0,0.0,0.0,0.0,0.0,0.0,0.0,0.0,0.0,0.0,0.0,0.0,0.0,0.0,0.0,0.0,0.0,0.0,0.0,0.0,0.0,0.0,0.0,0.0,0.0,0.0,0.0,0.0,0.0,0.0,0.0,0.0,0.0,0.0,0.0,0.0,0.0,0.0,0.0,0.0,0.0,0.0,0.0,0.0,0.0,0.0,0.0,0.0,0.0,0.0,0.0,0.0,0.0,0.0,0.0,0.0,0.0,0.0,0.0,0.0,0.0,0.0,0.0,0.0,0.0,0.0,0.0,0.0,0.0,0.0,0.0,0.0,0.0,0.0
2022,7,Indicador de Riesgo de Liquidez - IRL,0.0,0.0,0.0,0.0,0.0,0.0,0.0,0.0,0.0,0.0,0.0,0.0,0.0,0.0,0.0,0.0,0.0,0.0,0.0,0.0,0.0,0.0,0.0,0.0,0.0,0.0,0.0,0.0,0.0,0.0,0.0,0.0,0.0,0.0,0.0,0.0,0.0,0.0,0.0,0.0,0.0,0.0,0.0,0.0,0.0,0.0,0.0,0.0,0.0,0.0,0.0,0.0,0.0,0.0,0.0,0.0,0.0,0.0,0.0,0.0,0.0,0.0,0.0,0.0,0.0,0.0,0.0,0.0,0.0,0.0,0.0,0.0,0.0,0.0,0.0,0.0,0.0,0.0,0.0,0.0,0.0,0.0,0.0,0.0,0.0,0.0,0.0,0.0,0.0,0.0,0.0,0.0,0.0,0.0,0.0,0.0,0.0,0.0,0.0,0.0,0.0,0.0,0.0,0.0,0.0,0.0,0.0,0.0,0.0,0.0,0.0,0.0,0.0,0.0,0.0,0.0,0.0,0.0,0.0,0.0,0.0,0.0,0.0,0.0,0.0,0.0,0.0,0.0,0.0,0.0,0.0,0.0,0.0,0.0,0.0,0.0,0.0,0.0,0.0,0.0
2022,8,Indicador de Riesgo de Liquidez - IRL,0.0,0.0,0.0,0.0,0.0,0.0,0.0,0.0,0.0,0.0,0.0,0.0,0.0,0.0,0.0,0.0,0.0,0.0,0.0,0.0,0.0,0.0,0.0,0.0,0.0,0.0,0.0,0.0,0.0,0.0,0.0,0.0,0.0,0.0,0.0,0.0,0.0,0.0,0.0,0.0,0.0,0.0,0.0,0.0,0.0,0.0,0.0,0.0,0.0,0.0,0.0,0.0,0.0,0.0,0.0,0.0,0.0,0.0,0.0,0.0,0.0,0.0,0.0,0.0,0.0,0.0,0.0,0.0,0.0,0.0,0.0,0.0,0.0,0.0,0.0,0.0,0.0,0.0,0.0,0.0,0.0,0.0,0.0,0.0,0.0,0.0,0.0,0.0,0.0,0.0,0.0,0.0,0.0,0.0,0.0,0.0,0.0,0.0,0.0,0.0,0.0,0.0,0.0,0.0,0.0,0.0,0.0,0.0,0.0,0.0,0.0,0.0,0.0,0.0,0.0,0.0,0.0,0.0,0.0,0.0,0.0,0.0,0.0,0.0,0.0,0.0,0.0,0.0,0.0,0.0,0.0,0.0,0.0,0.0,0.0,0.0,0.0,0.0,0.0,0.0
2022,9,Indicador de Riesgo de Liquidez - IRL,0.0,0.0,0.0,0.0,0.0,0.0,0.0,0.0,0.0,0.0,0.0,0.0,0.0,0.0,0.0,0.0,0.0,0.0,0.0,0.0,0.0,0.0,0.0,0.0,0.0,0.0,0.0,0.0,0.0,0.0,0.0,0.0,0.0,0.0,0.0,0.0,0.0,0.0,0.0,0.0,0.0,0.0,0.0,0.0,0.0,0.0,0.0,0.0,0.0,0.0,0.0,0.0,0.0,0.0,0.0,0.0,0.0,0.0,0.0,0.0,0.0,0.0,0.0,0.0,0.0,0.0,0.0,0.0,0.0,0.0,0.0,0.0,0.0,0.0,0.0,0.0,0.0,0.0,0.0,0.0,0.0,0.0,0.0,0.0,0.0,0.0,0.0,0.0,0.0,0.0,0.0,0.0,0.0,0.0,0.0,0.0,0.0,0.0,0.0,0.0,0.0,0.0,0.0,0.0,0.0,0.0,0.0,0.0,0.0,0.0,0.0,0.0,0.0,0.0,0.0,0.0,0.0,0.0,0.0,0.0,0.0,0.0,0.0,0.0,0.0,0.0,0.0,0.0,0.0,0.0,0.0,0.0,0.0,0.0,0.0,0.0,0.0,0.0,0.0,0.0
2022,10,Indicador de Riesgo de Liquidez - IRL,0.0,0.0,0.0,0.0,0.0,0.0,0.0,0.0,0.0,0.0,0.0,0.0,0.0,0.0,0.0,0.0,0.0,0.0,0.0,0.0,0.0,0.0,0.0,0.0,0.0,0.0,0.0,0.0,0.0,0.0,0.0,0.0,0.0,0.0,0.0,0.0,0.0,0.0,0.0,0.0,0.0,0.0,0.0,0.0,0.0,0.0,0.0,0.0,0.0,0.0,0.0,0.0,0.0,0.0,0.0,0.0,0.0,0.0,0.0,0.0,0.0,0.0,0.0,0.0,0.0,0.0,0.0,0.0,0.0,0.0,0.0,0.0,0.0,0.0,0.0,0.0,0.0,0.0,0.0,0.0,0.0,0.0,0.0,0.0,0.0,0.0,0.0,0.0,0.0,0.0,0.0,0.0,0.0,0.0,0.0,0.0,0.0,0.0,0.0,0.0,0.0,0.0,0.0,0.0,0.0,0.0,0.0,0.0,0.0,0.0,0.0,0.0,0.0,0.0,0.0,0.0,0.0,0.0,0.0,0.0,0.0,0.0,0.0,0.0,0.0,0.0,0.0,0.0,0.0,0.0,0.0,0.0,0.0,0.0,0.0,0.0,0.0,0.0,0.0,0.0
2022,11,Indicador de Riesgo de Liquidez - IRL,0.0,0.0,0.0,0.0,0.0,0.0,0.0,0.0,0.0,0.0,0.0,0.0,0.0,0.0,0.0,0.0,0.0,0.0,0.0,0.0,0.0,0.0,0.0,0.0,0.0,0.0,0.0,0.0,0.0,0.0,0.0,0.0,0.0,0.0,0.0,0.0,0.0,0.0,0.0,0.0,0.0,0.0,0.0,0.0,0.0,0.0,0.0,0.0,0.0,0.0,0.0,0.0,0.0,0.0,0.0,0.0,0.0,0.0,0.0,0.0,0.0,0.0,0.0,0.0,0.0,0.0,0.0,0.0,0.0,0.0,0.0,0.0,0.0,0.0,0.0,0.0,0.0,0.0,0.0,0.0,0.0,0.0,0.0,0.0,0.0,0.0,0.0,0.0,0.0,0.0,0.0,0.0,0.0,0.0,0.0,0.0,0.0,0.0,0.0,0.0,0.0,0.0,0.0,0.0,0.0,0.0,0.0,0.0,0.0,0.0,0.0,0.0,0.0,0.0,0.0,0.0,0.0,0.0,0.0,0.0,0.0,0.0,0.0,0.0,0.0,0.0,0.0,0.0,0.0,0.0,0.0,0.0,0.0,0.0,0.0,0.0,0.0,0.0,0.0,0.0
2022,12,Indicador de Riesgo de Liquidez - IRL,0.0,0.0,0.0,0.0,0.0,0.0,0.0,0.0,0.0,0.0,0.0,0.0,0.0,0.0,0.0,0.0,0.0,0.0,0.0,0.0,0.0,0.0,0.0,0.0,0.0,0.0,0.0,0.0,0.0,0.0,0.0,0.0,0.0,0.0,0.0,0.0,0.0,0.0,0.0,0.0,0.0,0.0,0.0,0.0,0.0,0.0,0.0,0.0,0.0,0.0,0.0,0.0,0.0,0.0,0.0,0.0,0.0,0.0,0.0,0.0,0.0,0.0,0.0,0.0,0.0,0.0,0.0,0.0,0.0,0.0,0.0,0.0,0.0,0.0,0.0,0.0,0.0,0.0,0.0,0.0,0.0,0.0,0.0,0.0,0.0,0.0,0.0,0.0,0.0,0.0,0.0,0.0,0.0,0.0,0.0,0.0,0.0,0.0,0.0,0.0,0.0,0.0,0.0,0.0,0.0,0.0,0.0,0.0,0.0,0.0,0.0,0.0,0.0,0.0,0.0,0.0,0.0,0.0,0.0,0.0,0.0,0.0,0.0,0.0,0.0,0.0,0.0,0.0,0.0,0.0,0.0,0.0,0.0,0.0,0.0,0.0,0.0,0.0,0.0,0.0
2023,1,Indicador de Riesgo de Liquidez - IRL,0.43023977238723565,2.339925069932165,0.31758051897662504,0.1696574370104596,0.7130669398758326,0.23489192110937818,0.6492918886272552,0.2947851457029371,0.5567634813978978,0.4102233928589547,0.5174482034818645,1.0779890842104116,1.9670812140663958,0.4613801819645582,0.41289023543150133,0.20687311175098683,0.47924512398136015,0.35902965944274584,0.16632023123135314,0.4434840432604122,1.0066521054260855,0.3782014776898314,0.3066442363368631,48.5997986678576,0.7661812325810593,0.5447393138751083,0.7899955199670645,0.5825495567273374,1.1569824520118297,0.17050259246661717,0.31329274752652997,0.374077072728691,2.9644241694406728,0.3032465450968989,0.20879396489285917,0.5602764625175268,0.15847286526076487,0.2560064579750024,0.3069379191545596,0.2483011714642519,0.38189882525030494,0.20548075429314677,0.6307073714771316,0.22314425321492012,0.24808480216169507,0.6061982133720291,0.3042879378848907,0.5891077554642437,0.21331865374133036,1.0864663581084528,0.31621172061360836,1.563137370180245,1.3120085360224234,0.8209739282887396,0.6588546641838591,2.0883802241265528,1.388028146466945,0.39390440099781726,0.849622018455446,0.5753647465527845,0.2890902024205433,0.5449835119301091,0.7198754829879687,0.21862313028336247,1.0071190004632162,0.8898222543811632,0.3889717905695672,0.32786824619877253,0.46706380742768505,0.5033329837972059,0.4277012769486046,0.44678878321055715,0.8118065321393709,0.6978066866787266,0.8287519999535088,0.5936557319603267,0.35508227965573197,0.5170429217431675,0.5781817709446515,0.41426760875797863,0.39408381156997024,0.6900079400521556,0.4029215360070864,0.4482610328233316,0.3359928775714421,0.7395811148428667,0.7796604753209162,0.34761551262084767,0.7976721142312974,0.3797831792390954,0.8256827092148125,0.3897897318872662,0.32323721084312557,0.8446100577292188,0.28571238367972085,0.720539949897677,0.36124330419305295,0.6400557029925339,0.39367074532386165,0.5488993430409842,0.3324049180471608,2.4543296123464104,0.3313899149346345,0.3735955761308056,0.5082218936544813,0.39916302401357123,0.33502670355575415,0.8054262601676927,0.7500314745600135,0.5296439365442287,0.24875088066070264,2.6562728368483834,0.3393522039441706,0.3044814810714999,0.423220822138474,0.21839176635295993,0.5778867077610307,0.1990150713355191,0.664405293578888,0.4945339048939321,0.35896081780050254,0.45361116749163644,0.27582960434660425,0.4495711637765143,1.0903768122230522,0.3931984255662022,1.0199627463288596,0.2892937326997027,1.025308575646886,0.28295272583255004,0.2317136620231764,0.2535348189834958,0.2650415144323158,1.11461796678302,2.5635004538197155,0.4993067764535992,6.164954253094517,0.42282305575046536,0.8557540294468138,1.2682336306653135
2023,2,Indicador de Riesgo de Liquidez - IRL,0.369009517761517,2.2801197948070784,0.345881966206856,0.1714543815958114,0.6880248058436103,0.315159885654786,0.7306084843404503,0.300756475957713,0.5215244906677582,0.398689187286059,0.4927098001778374,1.068512603794123,1.990258704477507,0.4163069611360347,0.40868241962125557,0.2032083220479991,0.4646033168707245,0.3360186816834219,0.16508466894172377,0.4302942685157168,1.0136134665284064,0.31333792553548206,0.29966277490071097,28.266791757806367,0.6898105611764341,0.5773970060067033,0.8002573238160702,0.5437399249684085,0.8965092879977529,0.181317603811049,0.20334135205451834,0.35233492698270175,2.9271105587846127,0.3257084927541172,0.19801516762212484,0.7709496929476782,0.20402978468888675,0.2369523049443681,0.3049378332146519,0.22635187153053857,0.36623779798035005,0.1848924167233363,0.6665406959361675,0.21631026024612535,0.214800241604486,0.6244965889933346,0.2579810739829126,0.5695397918084496,0.18644871246031236,1.2289219362496366,0.3528092973779564,1.3762302783381837,1.3337224785428055,0.779884824842329,0.6893832107879985,2.1029467690342716,1.4960218909613971,0.35406479418126857,0.9753559100232675,0.9314901662327334,0.18404443543404816,0.522826314517145,0.7670053747435517,0.3577612679758368,1.018731581307588,1.0545260113538073,0.34617565885813145,0.2705205050616618,0.4245475932269611,0.4034085960921872,0.44601199066061475,0.4012020256636388,0.7870561022876219,0.678945970835993,0.7212303893779604,0.591695855784177,0.509147504418155,0.5136762542786597,0.4598921671321315,0.43547549784986345,0.3322191650276359,0.6406165313729377,0.46882132211580324,0.390806887021644,0.3017988961831937,0.6160296763536128,0.6118576573261773,0.34637548300016585,0.7701129994464272,0.5241208862980871,0.8285351637294153,0.4830305147023957,0.38514076561642335,0.8526377388715228,0.21124250889461788,0.6838666524168333,0.3218628910977688,0.6237232417721305,0.4069508775798645,0.5959593134411169,0.36390364259233116,2.8528780443675927,0.21992258826289257,0.3267076315032177,0.5036254813720799,0.42777346355066104,0.3385164340891429,0.8319306925825353,0.625682619804785,0.4244248228419265,0.20515234588407807,2.169968860411011,0.2997399224167218,0.4295276799163628,0.37940678446421205,0.23052489623933178,0.5617785040462019,0.1922158650117065,0.6101434050208994,0.4978634203363098,0.30812791413745844,0.4124800502605779,0.2953889521098214,0.4254942465092807,1.0868921113902743,0.39259636444350854,0.8207163236157653,0.29805633503869894,1.0000004080471627,0.28782926535578973,0.22090250057365415,0.25926362534950953,0.2359668433351215,0.9470762645561046,2.4346405641499786,0.4905052449231541,5.817038631502875,0.515097991600389,0.8471418926400436,1.3003094014605643
2023,3,Indicador de Riesgo de Liquidez - IRL,0.420538002070114,1.951146038471756,0.3944684911755511,0.16232883080807023,0.9396500450783505,0.1799366399283162,0.7495444839034117,0.23924566836495822,0.3149998746855291,0.3638723053332359,0.4924347610806447,1.0884610593486497,1.8147078358944928,0.4826892422737617,0.3932472142172235,0.2085956972344378,0.41311493688721423,0.3331326425493146,0.15990376108115986,0.6108981063608239,1.0963545446331375,0.5041079092220476,0.38301491925191594,31.088845686702644,0.4615343352244319,0.5952680652745111,0.6421644350216716,0.7206406755832093,1.6374823869447115,0.1639403312237329,0.36924957869006897,0.3206596827715376,2.894645878121303,0.45183283912722194,0.1987745299275777,1.5456970269088441,0.18911081675696378,0.256865766278309,0.2786087652876667,0.3134769166947749,0.3349979320150097,0.1538088951715116,0.6543101365030167,0.27930171147155297,0.16885069685648518,0.47041625374415413,0.3167284028409371,0.41546228273000047,0.22041429025729314,0.7762804578922775,0.36848710059609074,0.711681181938005,1.0545560058275025,0.5139736611693363,0.582150964765571,1.0961128199832348,2.214776502482863,0.2885460855076945,1.179571107341094,0.7413189170682446,0.20754315427924935,0.3953451219566,0.8298528895014262,0.35295493224347824,1.6924633554883364,1.6949417286605812,0.4235041683461318,0.2843063509238166,0.3870357639928075,0.5689411510099837,0.4020329503541777,0.41171896668701424,1.0471000189172248,0.6360089975525033,0.46420353877629256,0.44101764750775646,0.4406512177450654,0.8005294341027875,0.26789813370279003,0.4374048951507419,0.30564204895166003,0.573979323720854,0.6400512859400298,0.40024011288866884,0.43489591413995127,1.117877669092541,0.5797755727447451,0.4135068941546335,0.5102912493817465,0.5232711934280735,0.8707132891288724,0.5158258457519631,0.3469791757760446,0.739815986715833,0.4033435141139253,0.8698154969358226,0.43007752380219566,0.48082921362281567,0.37914031830439926,0.4343042619207932,0.24552169755330605,2.6087037309329215,0.2298920644578845,0.37934194594274023,1.0391020872414476,0.4367772095373595,0.2773890524207818,1.6350007712072885,0.8660848980804107,0.453023016596403,0.2725320183769794,4.56547766015518,0.2498390835484846,0.312692710149095,0.23095501430528684,0.2088333945180463,0.6177245924070783,0.1969429226784101,0.5374679480982428,0.411042098693196,0.3081143323624012,0.5358703271089886,0.38687613930483444,0.4493683255632101,0.8385490408667995,0.6817584698912731,1.3193489694451366,0.4776692899016363,0.4888881669739176,0.22492510676584102,0.21101117060249652,0.2614890187967588,0.2292365177906245,1.031114737418133,2.3564361896928965,0.39302357247743075,5.992967061281631,0.4506486539036026,0.9819667794370711,1.2429273917318926
2023,4,Indicador de Riesgo de Liquidez - IRL,0.32672384239962315,1.3098349786018835,0.3776332740271143,0.18355769145120512,0.7064438229874971,0.2613330817254021,0.6685905696195382,0.29067648345905067,0.5721955306032568,0.31430586406864297,0.4506814678834841,1.046488008345249,2.1905555075368452,0.5990202495188774,0.3978051273929587,0.20401523670999508,0.49051179501057335,0.3310096375795123,0.17158529845045442,0.5958467341585438,1.0970835123702027,0.4100690508006189,0.42946426656391007,14.942817393997034,0.5866663899151099,0.7197609495198181,0.7949461372222437,0.596870163147929,0.7725053297768742,0.1606578224636841,0.17767653664936175,0.36507791985764887,2.8588822011992616,0.4240148582515053,0.28809126788408534,0.9840723574098756,0.2580918871539277,0.3049411104895187,0.3200275888838163,0.23392765197198187,0.3406838501592826,0.18521935911395745,0.7273536610707645,0.21450783909840845,0.20213397180109247,0.6045479976759004,0.28144392833804305,0.42457493528276485,0.1861475047538371,1.0161665819187022,0.33086624962935646,1.2354522365108866,1.2091271643202735,0.7262688604944446,0.6821400743933651,2.0515850162775586,1.9345151819074118,0.4139764548092228,1.111059219097915,0.9821425589729967,0.30989830644239746,0.5271754277905806,0.8890692419718235,0.36501153651510987,1.1931667704690785,1.3810303553648664,0.4149651924357106,0.31092723316260534,0.6531178443675834,0.4910336410212491,0.3839426095428402,0.4328334947457025,0.8467743429133383,0.8573617334360308,0.6216624800295141,0.5799420380764418,0.45937239700695964,0.5378392115916381,0.29544437341976476,0.47379650755057257,0.2937373999411161,0.5255198774508717,0.5423346031520873,0.4261631183472992,0.32705499674573724,0.6144970561955355,0.48815528968393973,0.31112569827173076,0.7926179143100905,0.40252276147052984,0.8364150099348372,0.49949844503647345,0.31298768251581177,0.8362176555712645,0.1947412842827022,0.7013222176642598,0.326341547246083,0.5702488067860843,0.39468676662285684,0.6564323888704575,0.377262524026221,2.2536565290391186,0.21068418998657837,0.41532360005033014,0.6056247718211322,0.4712434867458951,0.2563053510082584,0.7981173601409597,0.43292081194594384,0.34867119077441305,0.24827381201011714,2.226829308171617,0.22248636122256144,0.41589644600191605,0.3388420340259143,0.2098635317229724,0.6312329904634952,0.17836818263437337,0.5008991388183327,0.4854496098760946,0.3251211889055086,0.6406504247927497,0.3355165491670329,0.4967597061042463,1.0127766461009022,0.5206241580142854,0.6929789154138694,0.40497252069401296,0.6237178381533358,0.2794019587298824,0.21332370430218098,0.3284732608594205,0.2701037090520812,0.8863412663548308,2.606363869109406,0.49138067441183153,5.698885966490487,0.5759749500769571,0.8947239636360604,1.257908168592059
2023,5,Indicador de Riesgo de Liquidez - IRL,0.3616109193087159,1.3026667778607828,0.3658411438374097,0.1906999322576171,0.7525713203987384,0.22592756620943913,0.6316191168656112,0.2811139171140765,0.5242049603901481,0.3611542217494641,0.4333950975857731,1.0417204329959162,2.1646469179794696,0.5679067885186521,0.3912411547978525,0.18603162279836863,0.4930937717442307,0.38966247763063794,0.16619718270801015,0.5800878551470152,1.0947639152262378,0.3827023285305952,0.46247980869751565,12.630891147766627,0.570549627295265,0.697768033216311,0.7756112621192104,0.5886845528362505,0.6692556537988257,0.15563035254519958,0.16714706731594517,0.36302930751291307,2.8251116322487047,0.35060141973583464,0.24743241085995182,1.2815166428717404,0.21090540295708107,0.31325794349093794,0.3252867091533756,0.24390239599207306,0.3969016147171037,0.1903078876311361,0.7336082727515164,0.21921781074882066,0.20088599987745395,0.5844469481939758,0.27026256376683555,0.41070378337005287,0.20002373220842884,0.9751016142609661,0.3428346625843208,0.9452484524225724,1.220583711209934,0.7022871512935035,0.6570027610649664,1.9337157102795512,2.1217197168245505,0.37372387668677703,1.146198209047152,1.0642331916581242,0.3619168777226962,0.47765492331301285,0.8835562823135243,0.38259016527146744,1.2919622767901064,1.528543595161414,0.3713050885496565,0.2826396951539574,0.641923365550106,0.5208507883538337,0.3467185441990049,0.39065822860041033,0.7220738550772224,0.8870154400184025,0.5766443891356162,0.5437235844572009,0.4050740228094215,0.6727658851861984,0.39436821002524725,0.4756361715013872,0.2923630436664655,0.5051366539317513,0.5426347921450477,0.4132575466992066,0.3304812316352498,0.666949901865835,0.42148687624211223,0.36314105610927216,0.9345408612080703,0.4208256858248819,0.8355301735196612,0.5154622472294778,0.35864853194210755,0.7838781543854318,0.20872463860304077,0.7217716929435158,0.3374915151598853,0.5310652949307678,0.3965971988905525,0.5750526624069204,0.36144158614256805,2.307678534799636,0.19612387841143197,0.4497270493310538,0.7542956926567933,0.48045170801144577,0.3178395895758894,0.8397853824499083,0.4846513109257262,0.3997789485194295,0.2981649723833812,3.3536230916693492,0.23950789362781116,0.5642068393671256,0.27979260445428783,0.19306694175526604,0.6420931738648976,0.18212781340723636,0.5590786260464712,0.4594515150615722,0.30824084009639857,0.69114455028161,0.31540912323120457,0.5400525232671894,0.9281138997277949,0.553842444488944,0.646608856845789,0.43576479533398976,0.6434675772240166,0.25325952269427365,0.21252092037152465,0.3390371870319588,0.27208863284444157,0.8719304823196249,2.7711308480481813,0.4992736485154928,5.827161982566417,0.5202333565075882,0.8870765930256763,1.291746038065293
2023,6,Indicador de Riesgo de Liquidez - IRL,0.0,0.0,0.0,0.0,0.0,0.0,0.0,0.0,0.0,0.0,0.0,0.0,0.0,0.0,0.0,0.0,0.0,0.0,0.0,0.0,0.0,0.0,0.0,0.0,0.0,0.0,0.0,0.0,0.0,0.0,0.0,0.0,0.0,0.0,0.0,0.0,0.0,0.0,0.0,0.0,0.0,0.0,0.0,0.0,0.0,0.0,0.0,0.0,0.0,0.0,0.0,0.0,0.0,0.0,0.0,0.0,0.0,0.0,0.0,0.0,0.0,0.0,0.0,0.0,0.0,0.0,0.0,0.0,0.0,0.0,0.0,0.0,0.0,0.0,0.0,0.0,0.0,0.0,0.0,0.0,0.0,0.0,0.0,0.0,0.0,0.0,0.0,0.0,0.0,0.0,0.0,0.0,0.0,0.0,0.0,0.0,0.0,0.0,0.0,0.0,0.0,0.0,0.0,0.0,0.0,0.0,0.0,0.0,0.0,0.0,0.0,0.0,0.0,0.0,0.0,0.0,0.0,0.0,0.0,0.0,0.0,0.0,0.0,0.0,0.0,0.0,0.0,0.0,0.0,0.0,0.0,0.0,0.0,0.0,0.0,0.0,0.0,0.0,0.0,0.0
2023,7,Indicador de Riesgo de Liquidez - IRL,0.0,0.0,0.0,0.0,0.0,0.0,0.0,0.0,0.0,0.0,0.0,0.0,0.0,0.0,0.0,0.0,0.0,0.0,0.0,0.0,0.0,0.0,0.0,0.0,0.0,0.0,0.0,0.0,0.0,0.0,0.0,0.0,0.0,0.0,0.0,0.0,0.0,0.0,0.0,0.0,0.0,0.0,0.0,0.0,0.0,0.0,0.0,0.0,0.0,0.0,0.0,0.0,0.0,0.0,0.0,0.0,0.0,0.0,0.0,0.0,0.0,0.0,0.0,0.0,0.0,0.0,0.0,0.0,0.0,0.0,0.0,0.0,0.0,0.0,0.0,0.0,0.0,0.0,0.0,0.0,0.0,0.0,0.0,0.0,0.0,0.0,0.0,0.0,0.0,0.0,0.0,0.0,0.0,0.0,0.0,0.0,0.0,0.0,0.0,0.0,0.0,0.0,0.0,0.0,0.0,0.0,0.0,0.0,0.0,0.0,0.0,0.0,0.0,0.0,0.0,0.0,0.0,0.0,0.0,0.0,0.0,0.0,0.0,0.0,0.0,0.0,0.0,0.0,0.0,0.0,0.0,0.0,0.0,0.0,0.0,0.0,0.0,0.0,0.0,0.0
2023,8,Indicador de Riesgo de Liquidez - IRL,0.0,0.0,0.0,0.0,0.0,0.0,0.0,0.0,0.0,0.0,0.0,0.0,0.0,0.0,0.0,0.0,0.0,0.0,0.0,0.0,0.0,0.0,0.0,0.0,0.0,0.0,0.0,0.0,0.0,0.0,0.0,0.0,0.0,0.0,0.0,0.0,0.0,0.0,0.0,0.0,0.0,0.0,0.0,0.0,0.0,0.0,0.0,0.0,0.0,0.0,0.0,0.0,0.0,0.0,0.0,0.0,0.0,0.0,0.0,0.0,0.0,0.0,0.0,0.0,0.0,0.0,0.0,0.0,0.0,0.0,0.0,0.0,0.0,0.0,0.0,0.0,0.0,0.0,0.0,0.0,0.0,0.0,0.0,0.0,0.0,0.0,0.0,0.0,0.0,0.0,0.0,0.0,0.0,0.0,0.0,0.0,0.0,0.0,0.0,0.0,0.0,0.0,0.0,0.0,0.0,0.0,0.0,0.0,0.0,0.0,0.0,0.0,0.0,0.0,0.0,0.0,0.0,0.0,0.0,0.0,0.0,0.0,0.0,0.0,0.0,0.0,0.0,0.0,0.0,0.0,0.0,0.0,0.0,0.0,0.0,0.0,0.0,0.0,0.0,0.0
2023,9,Indicador de Riesgo de Liquidez - IRL,0.0,0.0,0.0,0.0,0.0,0.0,0.0,0.0,0.0,0.0,0.0,0.0,0.0,0.0,0.0,0.0,0.0,0.0,0.0,0.0,0.0,0.0,0.0,0.0,0.0,0.0,0.0,0.0,0.0,0.0,0.0,0.0,0.0,0.0,0.0,0.0,0.0,0.0,0.0,0.0,0.0,0.0,0.0,0.0,0.0,0.0,0.0,0.0,0.0,0.0,0.0,0.0,0.0,0.0,0.0,0.0,0.0,0.0,0.0,0.0,0.0,0.0,0.0,0.0,0.0,0.0,0.0,0.0,0.0,0.0,0.0,0.0,0.0,0.0,0.0,0.0,0.0,0.0,0.0,0.0,0.0,0.0,0.0,0.0,0.0,0.0,0.0,0.0,0.0,0.0,0.0,0.0,0.0,0.0,0.0,0.0,0.0,0.0,0.0,0.0,0.0,0.0,0.0,0.0,0.0,0.0,0.0,0.0,0.0,0.0,0.0,0.0,0.0,0.0,0.0,0.0,0.0,0.0,0.0,0.0,0.0,0.0,0.0,0.0,0.0,0.0,0.0,0.0,0.0,0.0,0.0,0.0,0.0,0.0,0.0,0.0,0.0,0.0,0.0,0.0
2023,10,Indicador de Riesgo de Liquidez - IRL,0.0,0.0,0.0,0.0,0.0,0.0,0.0,0.0,0.0,0.0,0.0,0.0,0.0,0.0,0.0,0.0,0.0,0.0,0.0,0.0,0.0,0.0,0.0,0.0,0.0,0.0,0.0,0.0,0.0,0.0,0.0,0.0,0.0,0.0,0.0,0.0,0.0,0.0,0.0,0.0,0.0,0.0,0.0,0.0,0.0,0.0,0.0,0.0,0.0,0.0,0.0,0.0,0.0,0.0,0.0,0.0,0.0,0.0,0.0,0.0,0.0,0.0,0.0,0.0,0.0,0.0,0.0,0.0,0.0,0.0,0.0,0.0,0.0,0.0,0.0,0.0,0.0,0.0,0.0,0.0,0.0,0.0,0.0,0.0,0.0,0.0,0.0,0.0,0.0,0.0,0.0,0.0,0.0,0.0,0.0,0.0,0.0,0.0,0.0,0.0,0.0,0.0,0.0,0.0,0.0,0.0,0.0,0.0,0.0,0.0,0.0,0.0,0.0,0.0,0.0,0.0,0.0,0.0,0.0,0.0,0.0,0.0,0.0,0.0,0.0,0.0,0.0,0.0,0.0,0.0,0.0,0.0,0.0,0.0,0.0,0.0,0.0,0.0,0.0,0.0
2023,11,Indicador de Riesgo de Liquidez - IRL,0.0,0.0,0.0,0.0,0.0,0.0,0.0,0.0,0.0,0.0,0.0,0.0,0.0,0.0,0.0,0.0,0.0,0.0,0.0,0.0,0.0,0.0,0.0,0.0,0.0,0.0,0.0,0.0,0.0,0.0,0.0,0.0,0.0,0.0,0.0,0.0,0.0,0.0,0.0,0.0,0.0,0.0,0.0,0.0,0.0,0.0,0.0,0.0,0.0,0.0,0.0,0.0,0.0,0.0,0.0,0.0,0.0,0.0,0.0,0.0,0.0,0.0,0.0,0.0,0.0,0.0,0.0,0.0,0.0,0.0,0.0,0.0,0.0,0.0,0.0,0.0,0.0,0.0,0.0,0.0,0.0,0.0,0.0,0.0,0.0,0.0,0.0,0.0,0.0,0.0,0.0,0.0,0.0,0.0,0.0,0.0,0.0,0.0,0.0,0.0,0.0,0.0,0.0,0.0,0.0,0.0,0.0,0.0,0.0,0.0,0.0,0.0,0.0,0.0,0.0,0.0,0.0,0.0,0.0,0.0,0.0,0.0,0.0,0.0,0.0,0.0,0.0,0.0,0.0,0.0,0.0,0.0,0.0,0.0,0.0,0.0,0.0,0.0,0.0,0.0
2023,12,Indicador de Riesgo de Liquidez - IRL,0.0,0.0,0.0,0.0,0.0,0.0,0.0,0.0,0.0,0.0,0.0,0.0,0.0,0.0,0.0,0.0,0.0,0.0,0.0,0.0,0.0,0.0,0.0,0.0,0.0,0.0,0.0,0.0,0.0,0.0,0.0,0.0,0.0,0.0,0.0,0.0,0.0,0.0,0.0,0.0,0.0,0.0,0.0,0.0,0.0,0.0,0.0,0.0,0.0,0.0,0.0,0.0,0.0,0.0,0.0,0.0,0.0,0.0,0.0,0.0,0.0,0.0,0.0,0.0,0.0,0.0,0.0,0.0,0.0,0.0,0.0,0.0,0.0,0.0,0.0,0.0,0.0,0.0,0.0,0.0,0.0,0.0,0.0,0.0,0.0,0.0,0.0,0.0,0.0,0.0,0.0,0.0,0.0,0.0,0.0,0.0,0.0,0.0,0.0,0.0,0.0,0.0,0.0,0.0,0.0,0.0,0.0,0.0,0.0,0.0,0.0,0.0,0.0,0.0,0.0,0.0,0.0,0.0,0.0,0.0,0.0,0.0,0.0,0.0,0.0,0.0,0.0,0.0,0.0,0.0,0.0,0.0,0.0,0.0,0.0,0.0,0.0,0.0,0.0,0.0
2024,1,Indicador de Riesgo de Liquidez - IRL,0.40909878131709576,0.9649809783309828,0.4126298110346024,0.1897286487949602,1.0691554423078646,0.23558872635203343,0.9122556255435466,0.2648826312046825,0.3560530430579862,0.33255066838643377,0.497967788672051,1.1007318562941752,1.872059418805325,0.333210909250042,0.4173591238403292,0.22463992926224183,0.4285633709853216,0.30026436382495336,0.17401607999034033,0.561198816339998,1.116726356972975,0.4163176232019834,0.3786386964268405,20.191914505609184,0.7815132564117869,0.5863071276085605,0.7970193562236644,0.9049536113417148,1.6651669046908883,0.16873377969663308,0.3238011419804782,0.3302636150986581,2.9310953117433605,0.341742248672943,0.23614393002123332,1.4451317518267242,0.21692762333281682,0.23519355621811902,0.3166232695489261,0.310494922981478,0.31799867964834533,0.18242077186216035,0.7307136276351655,0.27711665768090615,0.1750634398776093,0.7089634309211503,0.27988061547566967,0.3962618838713953,0.2403791289737042,1.0746766362483797,0.3306801398389478,0.9343020140251935,1.0212444027792131,0.5432718938478119,0.6281656146799458,1.075376881531869,2.419291243568628,0.33619008054145094,1.5455012843772802,1.0121687120940588,0.41595595715553113,0.48650290679360314,1.0246752533145795,0.4745570972270164,1.711577632261409,2.0301764284085992,0.40382340500927255,0.34591813378658004,0.3784803807294918,0.7646124052120014,0.4178992426507067,0.48333043874311254,2.1121645418928243,0.7603119933489121,0.8125275248524265,0.44214332388419375,0.4156908214121155,0.9641844550332673,0.174436399717399,0.45913641464884625,0.3724626971290001,0.7177877673243678,0.4189125265743473,0.3719881563560755,0.38377598321237055,0.8266149197831562,0.8324859248134814,0.3836632995132388,0.6344810353230778,0.528851310171866,0.8670055374435517,0.5793341518471742,0.4133930844363682,0.7138241689178291,0.4534840929841448,1.050813628636511,0.4518460241785918,0.4953490767511504,0.3918844487847224,0.4500927442013345,0.2828235091537045,2.640278640071995,0.21630261561998382,0.38893768072014023,1.052298035075976,0.6451051857283358,0.39113742734292256,0.9240142222956471,0.98777743278223,0.43009996085006963,0.1844412283239866,7.3101954142038155,0.32218348480409315,0.37295709993964155,0.24110034219344814,0.21498186536244882,0.6442662724574444,0.19775588158078963,0.8065113224857433,0.5193834019379187,0.31116433361068924,0.5797085520106987,0.30318689419312644,0.5099996662672964,0.9864650236577112,0.7649910020840983,1.4209338699672498,0.5091570604773064,0.5159480449592591,0.266747396400769,0.2758906717037496,0.27838946778438195,0.2636614296568548,1.128520204569057,3.3226924657158774,0.4648215543817763,7.663845173879976,0.5039256707736213,1.0976900614033762,1.389783100611415
2024,2,Indicador de Riesgo de Liquidez - IRL,0.3889535002217701,0.652508860092397,0.3778771511856069,0.19290095207956104,1.1591476719599076,0.28128660738965466,0.9528238357586443,0.23565191790237727,0.3984693130325045,0.2985947137309035,0.5480530823543157,1.070440919420761,1.961566443808652,0.3829274415020676,0.429921423463743,0.22378653523421013,0.4187036023767277,0.28654352445431513,0.1691897768983243,0.5792401899545917,1.1326712263024346,0.39559050683833835,0.43856745487112136,13.26735105511507,0.5723517690341308,0.552712940957878,0.7765815534545738,0.9184253275382335,1.661558540890042,0.17636064119404682,0.499548313144486,0.34925711575935936,2.9659650299014406,0.3474607304728896,0.37665932115657275,1.4696143230049148,0.2406260740861098,0.26168884399277786,0.3409241292102496,0.30158242557696163,0.28023465035229195,0.18560003501982117,0.6965288651746067,0.2897053104421697,0.17621339924573756,0.620771588332992,0.2664293023974748,0.36972778275019197,0.2130192047680992,1.072777032585794,0.35492187644929535,0.8168817017990757,1.01672632073032,0.5218120014829803,0.7135708794761559,1.1564206229317477,2.514469373014372,0.29831394746267753,1.6258586002937638,0.8494521021110346,0.3781273862445409,0.48089951621126487,1.0450536422663976,0.41635005388195345,1.7482886240626843,2.058513820875119,0.4893757597188724,0.3478733051435313,0.38894000847975196,0.7819773938752201,0.4573702578388674,0.5008204188122848,1.8648290501133733,0.8367793034893583,0.7696659616076652,0.4778906885329947,0.4581931236622498,0.9421069502010189,0.15837271631147767,0.48446472793726564,0.4242817711531183,0.7397599769042444,0.5761408436986436,0.3216040188108797,0.4001517372187521,0.7765744560689584,0.7907887238289575,0.4470544364701743,0.6137636670038368,0.571495793469742,0.8644060012986606,0.592964095334966,0.4957839591871196,0.6699047176163563,0.4429096958056119,0.974323660995373,0.4709003194095934,0.4856383519386271,0.42666338877121535,0.45031617157178955,0.2892822383148672,2.938972182328106,0.2083265399569587,0.3257900235310027,1.180395089255574,0.6390487197031115,0.34441619050788663,0.9490058668823896,1.0117046085986663,0.4789526037560559,0.19245892814580068,6.521529683387762,0.3233787487695982,0.3984299492033796,0.23839147516150022,0.19780911073323112,0.6953553572831512,0.2044051362112655,0.8629508707144681,0.47834096601297277,0.3014462947061675,0.9033347743801763,0.37166649244259886,0.4985960926745131,1.0545740145947624,0.7414261775191892,1.4442678780089502,0.5047807373697023,0.4506110639454501,0.2420238786317062,0.2785841625903127,0.2615568805158986,0.25233967449499867,1.1515923692908363,3.399174484257074,0.47746198903707693,7.286376642466866,0.4163620899349631,1.1469420800578325,1.4680502642450233
2024,3,Indicador de Riesgo de Liquidez - IRL,0.40239438660724414,0.6999858726759737,0.37060825553184845,0.1960080845483913,1.2329893742906097,0.2473892474872192,1.010208390779986,0.2608208091136921,0.45850608562359574,0.31632239010093666,0.5622684267728655,1.0822261253072512,1.9737284564052318,0.39338798505526795,0.40224596206327673,0.23804209016294883,0.42651453312989884,0.29654587154851547,0.16647259599698044,0.5768132160155819,1.1480965978144322,0.48329674402564804,0.46357555101153514,11.43542335978367,0.6642314289573833,0.5271159186796657,0.7683815757011291,1.061047734009362,1.765974997863181,0.19749103252056108,0.40687153596924913,0.3618247416040283,3.001407122274491,0.33031281611131935,0.368948867199024,1.5230723423523203,0.18776568341616254,0.2698053207662043,0.38062273056503854,0.23027118747371234,0.32764560757075645,0.16288335386369004,0.7083075118656569,0.2865377098253096,0.16959810273896417,0.6022796993341751,0.2366320972511346,0.36825712464641336,0.19735232937964373,1.1864528168997162,0.3763425748038013,0.7918587435251614,1.0275554741952615,0.530269002466701,0.7551558936282909,1.2300685661662254,2.311095919682189,0.2609279420207659,1.7067527958123323,0.8689797210615872,0.37707142668678517,0.4825649101861491,1.0703305013552846,0.40423234521537565,1.8897810372367287,1.9303460165956023,0.449948706982973,0.3148344956018477,0.39307942325562617,0.8080302706423841,0.49832384354037873,0.5186498223561221,1.837257414578668,0.821567457365698,0.6742835847597534,0.49411482596171635,0.4871232836120283,1.0287667564159475,0.2397558687782995,0.5233277398439506,0.4818589203584461,0.8057328853757059,0.6366660985888,0.31113854162218607,0.38546800970350514,0.9584457719463142,0.8576790601696231,0.4237776183578284,0.4868756141323144,0.5077464483308725,0.8874910294239164,0.5360574697330799,0.6025266472792496,0.6025189099932177,0.446101350295287,0.9603389978921029,0.4949557347006758,0.49222246217281407,0.4386454032230773,0.43018827634609086,0.2312664288772041,3.0969457958935136,0.21884672322310705,0.374150815790873,1.1962979646449405,0.8027424932037662,0.35650271423719493,0.7944744914495561,1.0658255852817706,0.4012565149142635,0.28655807142272033,6.024482664155391,0.3488285988826115,0.41091280088417215,0.24652675521212566,0.1776775546610668,0.721516985424617,0.20511630038134301,0.8791862874977658,0.503749409417005,0.31209043180842444,0.9530285937762427,0.4066873038102164,0.5165876964539345,1.119697797886635,0.8292592940283704,1.5373259169794349,0.5083680756720372,0.560988301517983,0.21994327850844167,0.29576584315385834,0.2574604543562009,0.32534069955499423,1.1991401154814938,2.6589528580866872,0.4897413158253146,7.075144574971428,0.41802055707981095,1.0871870598523214,1.4657916381032448
2024,4,Indicador de Riesgo de Liquidez - IRL,0.4428928753587379,0.797241466413111,0.33910267049878395,0.18226389005969992,1.3146614487110182,0.22884578464137686,0.9905676540370123,0.2576883509093809,0.42131614026111847,0.3074416398906652,0.5606584196865325,1.0689755459197605,1.7914654705343975,0.4789332891925869,0.41072555411942774,0.24872612015573958,0.4557852169457337,0.29319014300193236,0.17702722985191452,0.6218994098026753,0.864001700938507,0.5421854582991671,0.44046924226403933,9.512052261441516,0.6381192475069701,0.45568307535642605,0.7758460150547674,1.0064375954635771,1.9791458876202734,0.205306913205494,0.39277496932758776,0.3599762187354488,3.1159092840732323,0.35368100230601623,0.274433669845808,1.2170766480243316,0.16482108919323996,0.291866657306627,0.41344989111800695,0.2799268481420477,0.31338431641904274,0.16553444840149353,0.7201972092256195,0.3036867486524629,0.1757664964663821,0.5048713878884359,0.23106328296357645,0.32480984762682563,0.20094805800509488,1.1554778627290336,0.35135281797037143,0.7888164043103916,0.9228460658227386,0.5115952185549203,0.7722210197662567,1.2418229834996806,2.390625043297197,0.25868616190517646,1.7284000691079364,0.797275814316673,0.3883349002949382,0.5998162816922346,1.0159794752821014,0.46661384275868034,1.9024174960882871,1.952640171132628,0.4042097699111588,0.2958302846367568,0.4003892381955497,0.9030865024345215,0.5495155645093285,0.5328601535092241,2.1012102204516587,0.8252924730645199,0.6718362924272543,0.5111751112978985,0.468194269888508,1.0365697070075464,0.26394726149448,0.5331507061597588,0.5339787186005148,0.8607334722753975,0.5905175461544183,0.350587932376922,0.3911168497395333,1.122292967916999,0.8629871096647204,0.43649073528250437,0.47919948934391504,0.476220213303797,0.9358909922988242,0.5224052102425915,0.5548852591926576,0.5462227269047233,0.4324834387452582,0.9491458615858278,0.4890425997748808,0.5087758309268794,0.445749258439804,0.44206754278538973,0.22157003573379774,3.2115961884286786,0.19820922454332682,0.43937580224662554,1.1516882314235415,0.6499464887201446,0.4226222313199958,0.8010956277132922,1.0825698172717233,0.3560048326924601,0.19293375434825064,5.547339155338569,0.3591187669801468,0.39370688102104207,0.2428896660723032,0.17724868440771435,0.7162854155912112,0.20988815598540472,0.7813387437806393,0.47595750737389564,0.34688336491353,1.1093159996423763,0.37354359004577586,0.5456187110787135,1.1750045908315092,0.8153400567860004,1.5830206435833305,0.49839359617527756,0.5186765014572545,0.22208126760858518,0.31971954589972384,0.25331749689178884,0.3060046607458588,1.1125680319479556,3.076735346603945,0.4783347500957789,6.328554292430141,0.6320188317561767,1.0977361264397658,1.4512440241893811
2024,5,Indicador de Riesgo de Liquidez - IRL,0.39770877738441607,1.076174477927738,0.30884684643421373,0.19561146612437175,1.3451595567908676,0.2048831698371307,0.9761558557973167,0.29061548378352803,0.43898237844526716,0.36794387961787733,0.561829476287114,1.004202874391939,1.77504604744651,0.45785999312369613,0.34501437105922916,0.26015969539865536,0.4675762222237332,0.3473214345244865,0.1911664872198366,0.5705890736925344,1.003553751983831,0.4746962944427712,0.48770617087731155,9.285602537670485,0.6424410093688401,0.42927077634756816,0.7003449935128941,0.8885332045101472,2.088939929762946,0.20385640446898934,0.4172730710601372,0.32560012305465996,3.0906476525631965,0.33859349882431566,0.2453739084230696,1.0486462186903007,0.1633868858371601,0.30642309769334436,0.46615903740732195,0.30642051540555876,0.35892139592696964,0.18901538724961797,0.6656234605911133,0.31318938069449503,0.17139476181710053,0.44039400416703456,0.24435588549110757,0.3630060074067488,0.225276617252105,1.1002703421965752,0.0,0.7636792734343082,0.9693864289695767,0.5105517910621601,0.759901574126907,1.2647668279157271,2.498017223087939,0.2747445996399258,1.75060917662028,0.7276841077309675,0.38100982213960033,0.6490986573680403,0.9762077420391109,0.437516326796878,2.053487593626383,1.8428640305200317,0.49803147306773876,0.33000703652277497,0.4060070534408272,0.9293181509865985,0.5735190304112603,0.5808005196804804,2.208313073959839,0.8056575832229453,0.5335679599441929,0.47423617716937616,0.4671347886833927,1.0287109535273549,0.4037112068629672,0.5181930303622879,0.5646347495001197,0.970192667076582,0.5871422883801368,0.3834053393623061,0.39272097423643954,0.946850929018986,0.87466517164543,0.4609733423048999,0.4500460818075829,0.4806698089033744,0.9155467841427628,0.5464219256820145,0.6149150470750695,0.4847657366409025,0.46177057915324105,0.6764533703352087,0.48834734614787356,0.49882652376505493,0.46423398097967267,0.4208172042447071,0.20709829001839766,3.3284598446859373,0.20552268514532193,0.5924628792898757,1.13929441767308,0.6014996027840331,0.4280233676682709,0.9854542424876516,1.075049385194921,0.49560168182066616,0.3471142873476812,6.326090308005269,0.41911438902570725,0.28338050422971856,0.23577280790468993,0.17486235865300076,0.7429766374322887,0.2046537850024842,0.7029918723120495,0.43762160308483494,0.3463868706887066,1.1179002176370356,0.4483115492480993,0.5675573897594716,1.2238682800871639,0.8081341116676264,1.6102741007670973,0.49592181284495135,0.548274448152702,0.24690653256789097,0.3386741654633877,0.26953686514182373,0.33403383368810025,0.9426954227931209,2.563871577496972,0.47187988203181713,6.338082381488568,0.4093122425704397,1.064698489638803,1.4239604135703479
2024,6,Indicador de Riesgo de Liquidez - IRL,0.0,0.0,0.0,0.0,0.0,0.0,0.0,0.0,0.0,0.0,0.0,0.0,0.0,0.0,0.0,0.0,0.0,0.0,0.0,0.0,0.0,0.0,0.0,0.0,0.0,0.0,0.0,0.0,0.0,0.0,0.0,0.0,0.0,0.0,0.0,0.0,0.0,0.0,0.0,0.0,0.0,0.0,0.0,0.0,0.0,0.0,0.0,0.0,0.0,0.0,0.0,0.0,0.0,0.0,0.0,0.0,0.0,0.0,0.0,0.0,0.0,0.0,0.0,0.0,0.0,0.0,0.0,0.0,0.0,0.0,0.0,0.0,0.0,0.0,0.0,0.0,0.0,0.0,0.0,0.0,0.0,0.0,0.0,0.0,0.0,0.0,0.0,0.0,0.0,0.0,0.0,0.0,0.0,0.0,0.0,0.0,0.0,0.0,0.0,0.0,0.0,0.0,0.0,0.0,0.0,0.0,0.0,0.0,0.0,0.0,0.0,0.0,0.0,0.0,0.0,0.0,0.0,0.0,0.0,0.0,0.0,0.0,0.0,0.0,0.0,0.0,0.0,0.0,0.0,0.0,0.0,0.0,0.0,0.0,0.0,0.0,0.0,0.0,0.0,0.0
2024,7,Indicador de Riesgo de Liquidez - IRL,0.0,0.0,0.0,0.0,0.0,0.0,0.0,0.0,0.0,0.0,0.0,0.0,0.0,0.0,0.0,0.0,0.0,0.0,0.0,0.0,0.0,0.0,0.0,0.0,0.0,0.0,0.0,0.0,0.0,0.0,0.0,0.0,0.0,0.0,0.0,0.0,0.0,0.0,0.0,0.0,0.0,0.0,0.0,0.0,0.0,0.0,0.0,0.0,0.0,0.0,0.0,0.0,0.0,0.0,0.0,0.0,0.0,0.0,0.0,0.0,0.0,0.0,0.0,0.0,0.0,0.0,0.0,0.0,0.0,0.0,0.0,0.0,0.0,0.0,0.0,0.0,0.0,0.0,0.0,0.0,0.0,0.0,0.0,0.0,0.0,0.0,0.0,0.0,0.0,0.0,0.0,0.0,0.0,0.0,0.0,0.0,0.0,0.0,0.0,0.0,0.0,0.0,0.0,0.0,0.0,0.0,0.0,0.0,0.0,0.0,0.0,0.0,0.0,0.0,0.0,0.0,0.0,0.0,0.0,0.0,0.0,0.0,0.0,0.0,0.0,0.0,0.0,0.0,0.0,0.0,0.0,0.0,0.0,0.0,0.0,0.0,0.0,0.0,0.0,0.0
2024,8,Indicador de Riesgo de Liquidez - IRL,0.0,0.0,0.0,0.0,0.0,0.0,0.0,0.0,0.0,0.0,0.0,0.0,0.0,0.0,0.0,0.0,0.0,0.0,0.0,0.0,0.0,0.0,0.0,0.0,0.0,0.0,0.0,0.0,0.0,0.0,0.0,0.0,0.0,0.0,0.0,0.0,0.0,0.0,0.0,0.0,0.0,0.0,0.0,0.0,0.0,0.0,0.0,0.0,0.0,0.0,0.0,0.0,0.0,0.0,0.0,0.0,0.0,0.0,0.0,0.0,0.0,0.0,0.0,0.0,0.0,0.0,0.0,0.0,0.0,0.0,0.0,0.0,0.0,0.0,0.0,0.0,0.0,0.0,0.0,0.0,0.0,0.0,0.0,0.0,0.0,0.0,0.0,0.0,0.0,0.0,0.0,0.0,0.0,0.0,0.0,0.0,0.0,0.0,0.0,0.0,0.0,0.0,0.0,0.0,0.0,0.0,0.0,0.0,0.0,0.0,0.0,0.0,0.0,0.0,0.0,0.0,0.0,0.0,0.0,0.0,0.0,0.0,0.0,0.0,0.0,0.0,0.0,0.0,0.0,0.0,0.0,0.0,0.0,0.0,0.0,0.0,0.0,0.0,0.0,0.0
2024,9,Indicador de Riesgo de Liquidez - IRL,0.0,0.0,0.0,0.0,0.0,0.0,0.0,0.0,0.0,0.0,0.0,0.0,0.0,0.0,0.0,0.0,0.0,0.0,0.0,0.0,0.0,0.0,0.0,0.0,0.0,0.0,0.0,0.0,0.0,0.0,0.0,0.0,0.0,0.0,0.0,0.0,0.0,0.0,0.0,0.0,0.0,0.0,0.0,0.0,0.0,0.0,0.0,0.0,0.0,0.0,0.0,0.0,0.0,0.0,0.0,0.0,0.0,0.0,0.0,0.0,0.0,0.0,0.0,0.0,0.0,0.0,0.0,0.0,0.0,0.0,0.0,0.0,0.0,0.0,0.0,0.0,0.0,0.0,0.0,0.0,0.0,0.0,0.0,0.0,0.0,0.0,0.0,0.0,0.0,0.0,0.0,0.0,0.0,0.0,0.0,0.0,0.0,0.0,0.0,0.0,0.0,0.0,0.0,0.0,0.0,0.0,0.0,0.0,0.0,0.0,0.0,0.0,0.0,0.0,0.0,0.0,0.0,0.0,0.0,0.0,0.0,0.0,0.0,0.0,0.0,0.0,0.0,0.0,0.0,0.0,0.0,0.0,0.0,0.0,0.0,0.0,0.0,0.0,0.0,0.0
2024,10,Indicador de Riesgo de Liquidez - IRL,0.0,0.0,0.0,0.0,0.0,0.0,0.0,0.0,0.0,0.0,0.0,0.0,0.0,0.0,0.0,0.0,0.0,0.0,0.0,0.0,0.0,0.0,0.0,0.0,0.0,0.0,0.0,0.0,0.0,0.0,0.0,0.0,0.0,0.0,0.0,0.0,0.0,0.0,0.0,0.0,0.0,0.0,0.0,0.0,0.0,0.0,0.0,0.0,0.0,0.0,0.0,0.0,0.0,0.0,0.0,0.0,0.0,0.0,0.0,0.0,0.0,0.0,0.0,0.0,0.0,0.0,0.0,0.0,0.0,0.0,0.0,0.0,0.0,0.0,0.0,0.0,0.0,0.0,0.0,0.0,0.0,0.0,0.0,0.0,0.0,0.0,0.0,0.0,0.0,0.0,0.0,0.0,0.0,0.0,0.0,0.0,0.0,0.0,0.0,0.0,0.0,0.0,0.0,0.0,0.0,0.0,0.0,0.0,0.0,0.0,0.0,0.0,0.0,0.0,0.0,0.0,0.0,0.0,0.0,0.0,0.0,0.0,0.0,0.0,0.0,0.0,0.0,0.0,0.0,0.0,0.0,0.0,0.0,0.0,0.0,0.0,0.0,0.0,0.0,0.0
2024,11,Indicador de Riesgo de Liquidez - IRL,0.0,0.0,0.0,0.0,0.0,0.0,0.0,0.0,0.0,0.0,0.0,0.0,0.0,0.0,0.0,0.0,0.0,0.0,0.0,0.0,0.0,0.0,0.0,0.0,0.0,0.0,0.0,0.0,0.0,0.0,0.0,0.0,0.0,0.0,0.0,0.0,0.0,0.0,0.0,0.0,0.0,0.0,0.0,0.0,0.0,0.0,0.0,0.0,0.0,0.0,0.0,0.0,0.0,0.0,0.0,0.0,0.0,0.0,0.0,0.0,0.0,0.0,0.0,0.0,0.0,0.0,0.0,0.0,0.0,0.0,0.0,0.0,0.0,0.0,0.0,0.0,0.0,0.0,0.0,0.0,0.0,0.0,0.0,0.0,0.0,0.0,0.0,0.0,0.0,0.0,0.0,0.0,0.0,0.0,0.0,0.0,0.0,0.0,0.0,0.0,0.0,0.0,0.0,0.0,0.0,0.0,0.0,0.0,0.0,0.0,0.0,0.0,0.0,0.0,0.0,0.0,0.0,0.0,0.0,0.0,0.0,0.0,0.0,0.0,0.0,0.0,0.0,0.0,0.0,0.0,0.0,0.0,0.0,0.0,0.0,0.0,0.0,0.0,0.0,0.0
2024,12,Indicador de Riesgo de Liquidez - IRL,0.0,0.0,0.0,0.0,0.0,0.0,0.0,0.0,0.0,0.0,0.0,0.0,0.0,0.0,0.0,0.0,0.0,0.0,0.0,0.0,0.0,0.0,0.0,0.0,0.0,0.0,0.0,0.0,0.0,0.0,0.0,0.0,0.0,0.0,0.0,0.0,0.0,0.0,0.0,0.0,0.0,0.0,0.0,0.0,0.0,0.0,0.0,0.0,0.0,0.0,0.0,0.0,0.0,0.0,0.0,0.0,0.0,0.0,0.0,0.0,0.0,0.0,0.0,0.0,0.0,0.0,0.0,0.0,0.0,0.0,0.0,0.0,0.0,0.0,0.0,0.0,0.0,0.0,0.0,0.0,0.0,0.0,0.0,0.0,0.0,0.0,0.0,0.0,0.0,0.0,0.0,0.0,0.0,0.0,0.0,0.0,0.0,0.0,0.0,0.0,0.0,0.0,0.0,0.0,0.0,0.0,0.0,0.0,0.0,0.0,0.0,0.0,0.0,0.0,0.0,0.0,0.0,0.0,0.0,0.0,0.0,0.0,0.0,0.0,0.0,0.0,0.0,0.0,0.0,0.0,0.0,0.0,0.0,0.0,0.0,0.0,0.0,0.0,0.0,0.0
2025,1,Indicador de Riesgo de Liquidez - IRL,0.5852689405300016,0.8537032903860389,0.4340604698965178,0.16334598078737014,1.4472326663861041,0.25070575220150076,1.403629760591056,0.3830301442326366,0.337650513980356,0.3630804155359359,0.5305679372876176,1.1665857114536606,1.899688549256802,0.584570086161153,0.4801332686997849,0.2520258855272064,0.508700573299823,0.2267959334614474,0.2231630031104296,0.5150591192329184,0.8753095407407211,0.6009715562000145,0.3099577184785738,34.15294270779221,0.7768406572592307,0.4083397780308896,0.5590534889978825,0.5013684530491533,1.9839619811829379,0.23296588759153605,0.8270610204180391,0.306115874283804,3.489946601985964,0.2119070530623444,0.40699025283690365,1.1600514605281025,0.17483700901911992,0.5140941707520658,0.6773803918561481,0.30742136262996206,0.3293618684168771,0.2095162570798848,0.7370544601220002,0.23137042153596069,0.21860060396703784,0.782448918334882,0.49606596774570866,0.4016741701937985,0.405802638605695,1.0227438151155464,0.419641907427313,0.9357751364347667,1.0381584583862153,0.8588747530321887,0.8176145927709435,1.6619825895228466,1.7938823231245133,0.316416249730659,2.437781113098452,0.9800188319653119,1.2158174167550873,0.7149553168209576,1.1299441851762089,0.4373876630687734,2.3995325151121327,1.5550565089531332,0.5175170853255289,0.5369338198160215,0.3176659114318258,1.0752291656155402,0.658824560556615,0.7735614190315511,2.025784697145555,1.0810356539025279,1.0218798513558938,0.3615217449335489,0.3359324595443674,0.844644463116619,0.41275565932780006,0.45688100857070496,0.8075933381477671,1.0799328234496188,0.5612083619065198,0.4446386162769163,0.4636772382873296,1.0183321390731717,1.4462843865922168,0.43863144743955834,0.5692326224611856,0.5971816687086564,0.9985998704610057,0.5793682190226287,0.31133129547161886,0.6483891694336625,0.6559537217252155,1.368809102438878,0.5053689334625694,0.5143136610664366,0.46180322516188954,0.3002400559655089,0.24841803278513466,4.585559709062758,0.30367457851419727,0.6237545830837893,0.9011355169530649,0.7752684161888793,0.5270755505434156,0.7555852443406743,1.2469499260689292,0.27994920074846574,0.2975172832553523,7.681068670970197,0.6115872145822103,0.3558577623853502,0.2920734554255764,0.2282095743949898,0.7201471745999083,0.22556576143614238,0.42096576669322305,0.4585708989671543,0.3668898591615336,0.7561951874107331,0.6701996976946617,0.551700297598241,1.231874111255006,0.8552462316610027,1.5207500781459158,0.5041093857220943,0.6300847666610612,0.24045123042853542,0.4451815992908643,0.3705391952078009,0.28703020580473887,1.1672802197000245,2.6517953761274335,0.3417223895285115,4.8309590436204894,0.5452379687920258,1.1557966468071725,1.3328219589448247
2025,2,Indicador de Riesgo de Liquidez - IRL,0.6234440425402532,0.7931249073089355,0.4719453982252635,0.1654715957709055,1.483554861256844,0.33680278877802494,1.3557979055902492,0.3844902470152767,0.31319035026226844,0.33430961091085876,0.5551781059870293,1.1903070324672074,1.91007735820902,0.5289695492631591,0.4836086210871913,0.26265398368491105,0.510448376395974,0.23350544647441418,0.22069164957366905,0.4722387094238868,0.8883193271007029,0.5959338355037582,0.3584508458866035,24.067988508824104,0.7238731174669728,0.401640611039863,0.5530463556135015,0.4645770154406057,1.9431276844139045,0.24985153304711188,0.9327223332533823,0.2889809043531731,3.632312208743925,0.21611608610551206,0.5191599063019741,1.297775365365931,0.20640489524530056,0.5147885231085397,0.7211184265889306,0.32967348771552546,0.38141588210578964,0.21103637598398367,0.7296834373415992,0.2691916331884545,0.23397338542869012,0.7136639601616215,0.4693172576137171,0.33289800788348,0.429322425996677,1.162469925923542,0.4329835331449966,0.9302014500180222,1.0759806889641916,0.9013260096696629,0.8907481426865885,1.695851404174063,1.936218167228106,0.26912718985023354,2.4520494693929336,1.0355382769810457,1.3670135319046934,0.7633630011674143,1.1562314741403819,0.4548090347268245,2.481941790031893,1.5903344431294701,0.7976220197998387,0.5130398955025495,0.3459973510408636,1.0293130305226925,0.6136950707025535,0.8329430826861021,2.7009718687128372,1.0196345701778147,1.0660550277708993,0.3547655253094373,0.3555189850181084,0.8420824309725434,0.4033421315088173,0.488148517334305,0.8441333721678196,1.0687612038738177,0.6665976094405153,0.46024306470459,0.4441141129548603,0.9482170498869277,1.3857263273982108,0.44103178991476505,0.5948672845718932,0.5871447182399728,1.0216717597392722,0.6185648853752913,0.25099213085823147,0.6683640927780548,0.7025749332795479,1.3647640507067111,0.4810376526046077,0.5518060451602511,0.4950775362274195,0.33397209063105365,0.2798752024755869,4.846033716600972,0.24358368633442756,0.5653727712625433,0.7806314726229885,0.6968688992565208,0.5397343156695733,0.901148043147703,1.4054076690703503,0.2841373760933502,0.24896593017971771,6.584604468892136,0.6138412575346008,0.38193640533944073,0.28919103533377516,0.2143218879129455,0.6926286688894995,0.20150563854294362,0.39870527075491785,0.4483630683611273,0.34505110736868366,0.6826116678559588,0.7270077908184881,0.563652431332393,1.3706716165479773,0.8922434880327337,1.5117758461000028,0.4979978335573617,0.6060880994131077,0.29852324347497067,0.4326192342690019,0.3302564063935765,0.22053867862117482,1.0626353580236934,2.632933475708678,0.30730487004838614,5.17776856257775,0.45850914539641424,1.1977599549252618,1.3339765331827675
2025,3,Indicador de Riesgo de Liquidez - IRL,0.6565098997451373,0.6440728376276371,0.43302077854860505,0.17191198744976888,1.5071763610402429,0.3806240645031993,1.3314005918278093,0.3950040031017386,0.3255839757778779,0.3595301486159385,0.5601596864820515,1.2052507418968288,1.8999084360002219,0.5702944650139401,0.4220547312075639,0.27781064194149163,0.5202286142940352,0.28446799984991195,0.22873038630820594,0.4575830034273292,0.8946264754311547,0.5920697390368742,0.3639747697495012,18.637056662782662,0.8643977815663363,0.3748250375730581,0.5717696786568387,0.4712363420669436,2.02369962663731,0.2508895838959641,0.959123590396447,0.3142069665733949,3.718598041354755,0.19796766756542544,0.4959255464484617,1.6362918196867116,0.18273359914498447,0.531529467793831,0.7056614221234878,0.3570938926434477,0.3950388403940857,0.22566300045947796,0.734052521092447,0.29157882802655205,0.25844060934353724,0.7230926606374467,0.44715605321603036,0.3200041300687829,0.44347660211867707,1.228328346002722,0.4381309685916114,0.987821167620434,0.9513173695974544,0.9365417526738523,0.8825499386890023,1.7400139731268645,1.9484008446113974,0.2693855108141693,2.4775856237857288,1.0954779600456672,0.8437058073207455,0.755467792784559,1.1826820855528841,0.4680283105671331,2.814592708584606,1.6202812098051027,0.6945587492254721,0.5456386791950314,0.3763630420353162,1.0173557033212504,0.5697434870529523,0.8577930742368832,3.028852167945047,1.0214486450604998,0.9505744617556365,0.39453560483819816,0.3246390751703632,0.8785869025960737,0.3744625956925489,0.5186326129522838,0.8687916627510074,1.02277301996157,0.6544379796800184,0.44054160826476074,0.434632801287668,0.8569605233639946,1.4782846934157525,0.4490169036279949,0.5650477278746321,0.5536446380319712,0.9791782618939757,0.5804619433737525,0.24854093089606608,0.6290106927107239,0.7412306470905418,1.321339227897882,0.48628427816945624,0.5840392122618892,0.5098443622922079,0.3984243230567087,0.29160812864006785,4.680333208780897,0.27494738783735334,0.5428885675539166,0.329627019772355,0.7919445658498768,0.5592166820858959,0.7177337127666592,1.4761766454385783,0.24751851335095473,0.2579566781645831,5.801839418389866,0.6164335353248053,0.43687826566016824,0.29449884001510096,0.22558422758057972,0.6571703964584544,0.20142733263874538,0.32743593594867076,0.4728154441985696,0.3563695650704758,0.6694930531518825,0.7287222820985082,0.5700382629624988,1.315673520674666,0.993734278915594,1.3513752353831643,0.4640086022198736,0.6601095128589134,0.2664593215075638,0.4142437689595522,0.34385467744612186,0.3540552078427776,1.0355578886422532,2.747867258112335,0.354980327518422,5.465271260479992,0.53364652787613,1.2617004453268812,1.4357954411539198
2025,4,Indicador de Riesgo de Liquidez - IRL,0.6248515792262007,0.69021774644543,0.37656504174413225,0.18160603920517898,1.562121275054169,0.3719063300474045,1.3198521965201813,0.3634571508703536,0.34197865739872113,0.34454563899489354,0.5872511353540024,1.1943579029436415,1.9375955498931015,0.657358172244764,0.4378701457586477,0.2944597905954775,0.5279162601128182,0.30241868591950116,0.2320880894921109,0.4614345296621219,0.8761353030713576,0.6875641448379904,0.41233750656391005,14.717017934101527,0.8626540312952025,0.33689801528711083,0.5730332069487134,0.47077531416734564,2.2246277662077967,0.24486857581331287,0.9409973669495568,0.31065861736767225,3.9092942421294263,0.17458973649031942,0.3565000599658457,1.7116735276774306,0.3277247350407605,0.5640953243253473,0.7101851459326989,0.3178007041452018,0.40009654758719804,0.22847464502517434,0.7448963633725513,0.29199888155029236,0.2724983152615698,0.685749061705279,0.43502599014864385,0.33923066851344047,0.43935770993669676,1.290737706181292,0.4312850859954592,0.9453721958993841,1.005736913217941,0.9397191690968472,0.8911466453801686,1.8075067766557011,1.8365265858989603,0.2574928106864046,2.468828472490623,1.0715263873053638,0.8679566667254406,0.7423266216939899,1.2012840287730733,0.4496236936090913,2.981930475166999,1.612931955657171,0.5261537143807559,0.5673494015355558,0.4101803811445298,1.0093498830652254,0.5414294598287683,0.8801067870621848,2.6405374924291105,1.035779109844851,0.912801588394779,0.4476344436282095,0.3349050514596658,0.8858882833317244,0.40106895970581696,0.5279052006166313,0.9012281125553403,0.9676745571143007,0.656667973845048,0.3399707896049163,0.40507437584986494,0.8276230733567415,1.7487355573513117,0.3952590256954065,0.4931924247662208,0.4952573832312309,0.9815891982199509,0.5956486918756999,0.2930454279853876,0.626706800903854,0.7346756452701028,1.4249051139430258,0.48384347534964806,0.5945443310291162,0.536603365282045,0.4273290080181357,0.2621047515819901,4.687691220499833,0.24855787325393056,0.5657368720635624,0.5847636728331845,0.7206859141971725,0.45902606317139655,0.8254871565838162,1.524508047594568,0.3462266943491525,0.33555580507164484,5.541580761983308,0.591868257972951,0.5033786073772634,0.33645560742247266,0.19949263463286074,0.6489096476408234,0.18846530610594,0.31916056442649254,0.4996975771165531,0.3557592907888022,0.5728424504182462,0.6621400052446902,0.5702931241043946,1.3802076140717277,0.9387539423102873,1.4645686091661523,0.49428895252175253,0.7409705528696658,0.24773834714220108,0.41014152746185734,0.34930366403422325,0.38599429999536783,1.0360252380194308,2.4106916022160547,0.4056719530655944,5.508612342103152,0.7113626919533745,1.3281506018078455,1.5230621301445646
2025,5,Indicador de Riesgo de Liquidez - IRL,0.527676094247159,0.779061619140628,0.4889598882374613,0.18008571411223218,1.631293903944401,0.3220589933152733,1.3833317912877139,0.251044949827663,0.3579157659326841,0.40432766659368413,0.6016403211449071,1.1666542595786384,1.8715026992932626,0.5298647476637883,0.5142702087080436,0.26906392539303214,0.5825757075979872,0.36532631924755316,0.25148576846146686,0.4412686401810385,0.8428297473031937,0.7981158077634997,0.37178625794376524,12.163320360290596,0.5694196253123212,0.30693685192852044,0.568589843538826,0.5043644205430442,2.254864534594684,0.2059730398393299,0.7741283020392102,0.3047981717385939,3.4968587318536692,0.20139400574676936,0.6552714389040544,1.4535727578888702,0.3567794148017951,0.5208033067720949,0.7629379824402105,0.33806479864212335,0.36844438551767955,0.296330941255343,0.7351168098222598,0.36159531240066206,0.23058189585358202,0.6826091952470408,0.6376453998190501,0.3566435403853928,0.463328755108931,1.310284283076196,0.4207394764059575,0.8468511108940725,1.1665964155364252,0.921847352637861,0.8242328657632599,2.11106236131884,2.0379355285084118,0.22397514418900558,2.280123610972177,1.2127747080539788,0.904533926011261,0.8170341228797006,1.2603938531348469,0.48627154139657297,3.2847976006472788,1.7645391537956294,0.6195304536061269,0.5263471222365061,0.4118993413925453,1.0920245771686097,0.6026872063054498,0.9210959116671175,2.860192150113318,1.0910690886258023,1.0193807106043462,0.5110429464421534,0.324730169069765,0.9472028694965655,0.3747475516212204,0.5224623412625851,1.0617900311027904,0.8561237697715263,0.3985161687968912,0.44791212507361783,0.30769868666469163,0.6630224973645862,1.753498089957686,0.4217426738933112,0.4328418211370723,0.45655469241531826,0.9364094452629962,0.534805370769397,0.4139216019850695,0.6186152039017525,0.8197599581210132,1.686299663954871,0.6167158334951891,0.5973346086754368,0.4926676990575117,0.45040147938052205,0.2932067749382717,4.825438640389869,0.47258854130590633,0.5013341331209864,0.996319564931106,0.639458835539458,0.5553063499092168,0.618039860292572,1.58184260589536,0.3848229759330095,0.2942463529430313,6.445188033603197,0.6341902802750738,0.3936148001360755,0.36321072497928736,0.17456658118043872,0.738791527070573,0.29680810289756515,0.504228906033191,0.464820357288552,0.3422583442668964,0.5563949543229946,0.5548153510158673,0.461201887374265,1.3032604374533827,0.81514567495931,1.5991824529861354,0.4403850887662558,0.7816934494604386,0.2793482115418271,0.3796734407429473,0.36884582954474776,0.38296689566855,1.2417975311722504,2.7804766068908293,0.3715140086042797,5.264937130261148,0.7691963022410004,1.3701919237542908,1.628598870155483
2025,6,Indicador de Riesgo de Liquidez - IRL,0.0,0.0,0.0,0.0,0.0,0.0,0.0,0.0,0.0,0.0,0.0,0.0,0.0,0.0,0.0,0.0,0.0,0.0,0.0,0.0,0.0,0.0,0.0,0.0,0.0,0.0,0.0,0.0,0.0,0.0,0.0,0.0,0.0,0.0,0.0,0.0,0.0,0.0,0.0,0.0,0.0,0.0,0.0,0.0,0.0,0.0,0.0,0.0,0.0,0.0,0.0,0.0,0.0,0.0,0.0,0.0,0.0,0.0,0.0,0.0,0.0,0.0,0.0,0.0,0.0,0.0,0.0,0.0,0.0,0.0,0.0,0.0,0.0,0.0,0.0,0.0,0.0,0.0,0.0,0.0,0.0,0.0,0.0,0.0,0.0,0.0,0.0,0.0,0.0,0.0,0.0,0.0,0.0,0.0,0.0,0.0,0.0,0.0,0.0,0.0,0.0,0.0,0.0,0.0,0.0,0.0,0.0,0.0,0.0,0.0,0.0,0.0,0.0,0.0,0.0,0.0,0.0,0.0,0.0,0.0,0.0,0.0,0.0,0.0,0.0,0.0,0.0,0.0,0.0,0.0,0.0,0.0,0.0,0.0,0.0,0.0,0.0,0.0,0.0,0.0
2025,7,Indicador de Riesgo de Liquidez - IRL,0.0,0.0,0.0,0.0,0.0,0.0,0.0,0.0,0.0,0.0,0.0,0.0,0.0,0.0,0.0,0.0,0.0,0.0,0.0,0.0,0.0,0.0,0.0,0.0,0.0,0.0,0.0,0.0,0.0,0.0,0.0,0.0,0.0,0.0,0.0,0.0,0.0,0.0,0.0,0.0,0.0,0.0,0.0,0.0,0.0,0.0,0.0,0.0,0.0,0.0,0.0,0.0,0.0,0.0,0.0,0.0,0.0,0.0,0.0,0.0,0.0,0.0,0.0,0.0,0.0,0.0,0.0,0.0,0.0,0.0,0.0,0.0,0.0,0.0,0.0,0.0,0.0,0.0,0.0,0.0,0.0,0.0,0.0,0.0,0.0,0.0,0.0,0.0,0.0,0.0,0.0,0.0,0.0,0.0,0.0,0.0,0.0,0.0,0.0,0.0,0.0,0.0,0.0,0.0,0.0,0.0,0.0,0.0,0.0,0.0,0.0,0.0,0.0,0.0,0.0,0.0,0.0,0.0,0.0,0.0,0.0,0.0,0.0,0.0,0.0,0.0,0.0,0.0,0.0,0.0,0.0,0.0,0.0,0.0,0.0,0.0,0.0,0.0,0.0,0.0
2025,8,Indicador de Riesgo de Liquidez - IRL,0.0,0.0,0.0,0.0,0.0,0.0,0.0,0.0,0.0,0.0,0.0,0.0,0.0,0.0,0.0,0.0,0.0,0.0,0.0,0.0,0.0,0.0,0.0,0.0,0.0,0.0,0.0,0.0,0.0,0.0,0.0,0.0,0.0,0.0,0.0,0.0,0.0,0.0,0.0,0.0,0.0,0.0,0.0,0.0,0.0,0.0,0.0,0.0,0.0,0.0,0.0,0.0,0.0,0.0,0.0,0.0,0.0,0.0,0.0,0.0,0.0,0.0,0.0,0.0,0.0,0.0,0.0,0.0,0.0,0.0,0.0,0.0,0.0,0.0,0.0,0.0,0.0,0.0,0.0,0.0,0.0,0.0,0.0,0.0,0.0,0.0,0.0,0.0,0.0,0.0,0.0,0.0,0.0,0.0,0.0,0.0,0.0,0.0,0.0,0.0,0.0,0.0,0.0,0.0,0.0,0.0,0.0,0.0,0.0,0.0,0.0,0.0,0.0,0.0,0.0,0.0,0.0,0.0,0.0,0.0,0.0,0.0,0.0,0.0,0.0,0.0,0.0,0.0,0.0,0.0,0.0,0.0,0.0,0.0,0.0,0.0,0.0,0.0,0.0,0.0
2025,9,Indicador de Riesgo de Liquidez - IRL,0.0,0.0,0.0,0.0,0.0,0.0,0.0,0.0,0.0,0.0,0.0,0.0,0.0,0.0,0.0,0.0,0.0,0.0,0.0,0.0,0.0,0.0,0.0,0.0,0.0,0.0,0.0,0.0,0.0,0.0,0.0,0.0,0.0,0.0,0.0,0.0,0.0,0.0,0.0,0.0,0.0,0.0,0.0,0.0,0.0,0.0,0.0,0.0,0.0,0.0,0.0,0.0,0.0,0.0,0.0,0.0,0.0,0.0,0.0,0.0,0.0,0.0,0.0,0.0,0.0,0.0,0.0,0.0,0.0,0.0,0.0,0.0,0.0,0.0,0.0,0.0,0.0,0.0,0.0,0.0,0.0,0.0,0.0,0.0,0.0,0.0,0.0,0.0,0.0,0.0,0.0,0.0,0.0,0.0,0.0,0.0,0.0,0.0,0.0,0.0,0.0,0.0,0.0,0.0,0.0,0.0,0.0,0.0,0.0,0.0,0.0,0.0,0.0,0.0,0.0,0.0,0.0,0.0,0.0,0.0,0.0,0.0,0.0,0.0,0.0,0.0,0.0,0.0,0.0,0.0,0.0,0.0,0.0,0.0,0.0,0.0,0.0,0.0,0.0,0.0
2025,10,Indicador de Riesgo de Liquidez - IRL,0.0,0.0,0.0,0.0,0.0,0.0,0.0,0.0,0.0,0.0,0.0,0.0,0.0,0.0,0.0,0.0,0.0,0.0,0.0,0.0,0.0,0.0,0.0,0.0,0.0,0.0,0.0,0.0,0.0,0.0,0.0,0.0,0.0,0.0,0.0,0.0,0.0,0.0,0.0,0.0,0.0,0.0,0.0,0.0,0.0,0.0,0.0,0.0,0.0,0.0,0.0,0.0,0.0,0.0,0.0,0.0,0.0,0.0,0.0,0.0,0.0,0.0,0.0,0.0,0.0,0.0,0.0,0.0,0.0,0.0,0.0,0.0,0.0,0.0,0.0,0.0,0.0,0.0,0.0,0.0,0.0,0.0,0.0,0.0,0.0,0.0,0.0,0.0,0.0,0.0,0.0,0.0,0.0,0.0,0.0,0.0,0.0,0.0,0.0,0.0,0.0,0.0,0.0,0.0,0.0,0.0,0.0,0.0,0.0,0.0,0.0,0.0,0.0,0.0,0.0,0.0,0.0,0.0,0.0,0.0,0.0,0.0,0.0,0.0,0.0,0.0,0.0,0.0,0.0,0.0,0.0,0.0,0.0,0.0,0.0,0.0,0.0,0.0,0.0,0.0
2025,11,Indicador de Riesgo de Liquidez - IRL,0.0,0.0,0.0,0.0,0.0,0.0,0.0,0.0,0.0,0.0,0.0,0.0,0.0,0.0,0.0,0.0,0.0,0.0,0.0,0.0,0.0,0.0,0.0,0.0,0.0,0.0,0.0,0.0,0.0,0.0,0.0,0.0,0.0,0.0,0.0,0.0,0.0,0.0,0.0,0.0,0.0,0.0,0.0,0.0,0.0,0.0,0.0,0.0,0.0,0.0,0.0,0.0,0.0,0.0,0.0,0.0,0.0,0.0,0.0,0.0,0.0,0.0,0.0,0.0,0.0,0.0,0.0,0.0,0.0,0.0,0.0,0.0,0.0,0.0,0.0,0.0,0.0,0.0,0.0,0.0,0.0,0.0,0.0,0.0,0.0,0.0,0.0,0.0,0.0,0.0,0.0,0.0,0.0,0.0,0.0,0.0,0.0,0.0,0.0,0.0,0.0,0.0,0.0,0.0,0.0,0.0,0.0,0.0,0.0,0.0,0.0,0.0,0.0,0.0,0.0,0.0,0.0,0.0,0.0,0.0,0.0,0.0,0.0,0.0,0.0,0.0,0.0,0.0,0.0,0.0,0.0,0.0,0.0,0.0,0.0,0.0,0.0,0.0,0.0,0.0
2025,12,Indicador de Riesgo de Liquidez - IRL,0.0,0.0,0.0,0.0,0.0,0.0,0.0,0.0,0.0,0.0,0.0,0.0,0.0,0.0,0.0,0.0,0.0,0.0,0.0,0.0,0.0,0.0,0.0,0.0,0.0,0.0,0.0,0.0,0.0,0.0,0.0,0.0,0.0,0.0,0.0,0.0,0.0,0.0,0.0,0.0,0.0,0.0,0.0,0.0,0.0,0.0,0.0,0.0,0.0,0.0,0.0,0.0,0.0,0.0,0.0,0.0,0.0,0.0,0.0,0.0,0.0,0.0,0.0,0.0,0.0,0.0,0.0,0.0,0.0,0.0,0.0,0.0,0.0,0.0,0.0,0.0,0.0,0.0,0.0,0.0,0.0,0.0,0.0,0.0,0.0,0.0,0.0,0.0,0.0,0.0,0.0,0.0,0.0,0.0,0.0,0.0,0.0,0.0,0.0,0.0,0.0,0.0,0.0,0.0,0.0,0.0,0.0,0.0,0.0,0.0,0.0,0.0,0.0,0.0,0.0,0.0,0.0,0.0,0.0,0.0,0.0,0.0,0.0,0.0,0.0,0.0,0.0,0.0,0.0,0.0,0.0,0.0,0.0,0.0,0.0,0.0,0.0,0.0,0.0,0.0
